project_id,project_name,app_id,app_name,app_user_id,first_seen_at,last_seen_at,last_seen_app_version,last_seen_ip_country,last_seen_platform,last_seen_platform_version,last_seen_sdk_version,last_seen_locale,price_experiment_id,price_experiment_variant,has_made_sandbox_purchase,latest_entitlement,latest_product,is_rc_promo,first_purchase_at,most_recent_purchase_at,trial_start_at,trial_end_at,most_recent_renewal_at,latest_expiration_at,subscription_opt_out_at,trial_opt_out_at,total_renewals,total_spent,latest_store,latest_store_country,latest_auto_renew_intent,all_purchased_product_ids,most_recent_billing_issues_at,status,latest_offer,latest_offer_type,latest_purchased_offering,latest_ownership_type,email,phone_number,media_source,campaign,ad_group,ad,keyword,creative,idfa,idfv,gps_ad_id,custom_attributes
cca22fe3-0cd0-42a0-9fe0-b91b6bd6e555,Cattitude,1a075702-e62a-49ad-a87e-57d3c7e2f693,App_Cattitude_Stripe,user_0,1585188096298,1702908649538,Version 1.0,AU,Stripe,Version 12.0,3.2.0,en_CA,,,f,rc_promo_promotional_testing_lifetime,prod_3,t,1728511982820,1733181363917,1588493291430,1650859656122,1711205999895,1727175302911,,,4,499.07,App Store,US,t,"prod_3,prod_5",,Sandbox,,,,PURCHASED,user0@example.com,,google,campaign_0,ad_group_0,ad_0,keyword_0,creative_0,idfa_0,idfv_0,gps_ad_id_0,"{""attribute_key"": ""value_0""}"
cca22fe3-0cd0-42a0-9fe0-b91b6bd6e555,Cattitude,1a075702-e62a-49ad-a87e-57d3c7e2f693,App_Cattitude_Android,user_1,1666734038741,1728773496255,Version 3.0,AU,Android,Version 15.0,3.2.0,en_CA,,,f,rc_promo_promotional_testing_lifetime,prod_5,t,1707555934261,1642731979149,1649969085617,1616362882961,1705908998314,1666190625132,1666670198288.0,,0,223.19,Google Play,AU,t,"prod_4,prod_2,prod_2",1635103964298.0,Non-subscription,,,,PURCHASED,user1@example.com,,organic,campaign_1,ad_group_1,ad_1,keyword_1,creative_1,idfa_1,idfv_1,gps_ad_id_1,"{""attribute_key"": ""value_1""}"
cca22fe3-0cd0-42a0-9fe0-b91b6bd6e555,Cattitude,1a075702-e62a-49ad-a87e-57d3c7e2f693,App_Cattitude_Android,user_2,1618821133845,1725512289116,Version 1.0,,Android,Version 15.0,3.2.0,en_CA,,,f,rc_promo_promotional_testing_lifetime,prod_1,t,1583024727752,1595608589839,1625569743030,1641615773610,1662298271264,1626990049197,1691785280872.0,1710298987659.0,5,933.6,App Store,AU,t,prod_5,1579493022303.0,Sandbox,,,,PURCHASED,user2@example.com,,organic,campaign_2,ad_group_2,ad_2,keyword_2,creative_2,idfa_2,idfv_2,gps_ad_id_2,"{""attribute_key"": ""value_2""}"
cca22fe3-0cd0-42a0-9fe0-b91b6bd6e555,Cattitude,1a075702-e62a-49ad-a87e-57d3c7e2f693,App_Cattitude_Android,user_3,1690316826434,1593814952711,Version 3.0,AU,Android,Version 15.0,3.0.0,en_GB,,,f,rc_promo_promotional_testing_lifetime,prod_3,f,1686843827096,1719766547213,1659804347193,1624333417986,1656170964296,1646546139211,1648995042249.0,1611703083259.0,5,236.87,Web,US,f,"prod_5,prod_4",1629786590331.0,Active,,,,PURCHASED,user3@example.com,,google,campaign_3,ad_group_3,ad_3,keyword_3,creative_3,idfa_3,idfv_3,gps_ad_id_3,"{""attribute_key"": ""value_3""}"
cca22fe3-0cd0-42a0-9fe0-b91b6bd6e555,Cattitude,1a075702-e62a-49ad-a87e-57d3c7e2f693,App_Cattitude_iOS,user_4,1631517847842,1629669379057,Version 2.0,CA,iOS,Version 11.0,3.0.0,en_US,,,f,rc_promo_promotional_testing_lifetime,prod_5,t,1648838002051,1638075057111,1618095774551,1669247451099,1718800096633,1721213748247,1663403843615.0,,3,175.25,Google Play,AU,f,"prod_3,prod_2,prod_5",1705167773258.0,Non-subscription,,,,FAMILY_SHARED,user4@example.com,,organic,campaign_4,ad_group_4,ad_4,keyword_4,creative_4,idfa_4,idfv_4,gps_ad_id_4,"{""attribute_key"": ""value_4""}"
cca22fe3-0cd0-42a0-9fe0-b91b6bd6e555,Cattitude,1a075702-e62a-49ad-a87e-57d3c7e2f693,App_Cattitude_iOS,user_5,1708650856425,1685518411000,Version 2.0,US,iOS,Version 12.0,3.0.0,en_US,,,f,rc_promo_promotional_testing_lifetime,prod_2,f,1670614688876,1648839136784,1706087138713,1654349854762,1713892860600,1660649254180,,,4,1.13,Web,GB,t,"prod_5,prod_4",,Sandbox,,,,PURCHASED,user5@example.com,,facebook,campaign_5,ad_group_5,ad_5,keyword_5,creative_5,idfa_5,idfv_5,gps_ad_id_5,"{""attribute_key"": ""value_5""}"
cca22fe3-0cd0-42a0-9fe0-b91b6bd6e555,Cattitude,1a075702-e62a-49ad-a87e-57d3c7e2f693,App_Cattitude_iOS,user_6,1590353021585,1604113706557,Version 3.0,,iOS,Version 10.0,3.0.0,en_GB,,,f,rc_promo_promotional_testing_lifetime,prod_5,t,1585634794086,1628784951846,1686000353110,1705449252738,1610475724219,1715696710093,,1620051369462.0,5,249.18,Web,US,f,"prod_3,prod_2",,Active,,,,PURCHASED,user6@example.com,,organic,campaign_6,ad_group_6,ad_6,keyword_6,creative_6,idfa_6,idfv_6,gps_ad_id_6,"{""attribute_key"": ""value_6""}"
cca22fe3-0cd0-42a0-9fe0-b91b6bd6e555,Cattitude,1a075702-e62a-49ad-a87e-57d3c7e2f693,App_Cattitude_Stripe,user_7,1721722739142,1671219549704,Version 1.0,US,Stripe,Version 11.0,3.0.0,en_GB,,,f,rc_promo_promotional_testing_lifetime,prod_2,t,1642598442100,1720951837845,1682109934063,1624975695591,1656600217690,1608987647252,1616361815238.0,,3,203.98,Google Play,AU,t,prod_2,,Sandbox,,,,PURCHASED,user7@example.com,,organic,campaign_7,ad_group_7,ad_7,keyword_7,creative_7,idfa_7,idfv_7,gps_ad_id_7,"{""attribute_key"": ""value_7""}"
cca22fe3-0cd0-42a0-9fe0-b91b6bd6e555,Cattitude,1a075702-e62a-49ad-a87e-57d3c7e2f693,App_Cattitude_iOS,user_8,1726057853765,1732043664390,Version 2.0,US,iOS,Version 13.0,3.0.0,en_GB,,,f,rc_promo_promotional_testing_lifetime,prod_3,t,1672895032168,1705344878820,1716066774686,1706111000959,1682241365899,1658821964484,1680968915066.0,1625575379708.0,2,242.4,Web,AU,t,"prod_5,prod_4,prod_4",1588192806050.0,Expired,,,,PURCHASED,user8@example.com,,google,campaign_8,ad_group_8,ad_8,keyword_8,creative_8,idfa_8,idfv_8,gps_ad_id_8,"{""attribute_key"": ""value_8""}"
cca22fe3-0cd0-42a0-9fe0-b91b6bd6e555,Cattitude,1a075702-e62a-49ad-a87e-57d3c7e2f693,App_Cattitude_Android,user_9,1597797652784,1627629639283,Version 2.0,US,Android,Version 13.0,3.0.0,en_CA,,,f,rc_promo_promotional_testing_lifetime,prod_4,f,1645734752512,1665006666704,1604429482098,1646041982273,1619784186920,1730312883681,,1710849378371.0,0,33.52,App Store,GB,f,"prod_5,prod_1,prod_2",,Non-subscription,,,,PURCHASED,user9@example.com,,google,campaign_9,ad_group_9,ad_9,keyword_9,creative_9,idfa_9,idfv_9,gps_ad_id_9,"{""attribute_key"": ""value_9""}"
cca22fe3-0cd0-42a0-9fe0-b91b6bd6e555,Cattitude,1a075702-e62a-49ad-a87e-57d3c7e2f693,App_Cattitude_Stripe,user_10,1669039118808,1725369676208,Version 1.0,CA,Stripe,Version 12.0,3.1.0,en_GB,,,f,rc_promo_promotional_testing_lifetime,prod_4,t,1696377549413,1668130204156,1717473795419,1628704207294,1646559019391,1601999463963,1591851465373.0,1677452904057.0,0,164.23,Web,US,f,prod_3,1732802855936.0,Expired,,,,PURCHASED,user10@example.com,,facebook,campaign_10,ad_group_10,ad_10,keyword_10,creative_10,idfa_10,idfv_10,gps_ad_id_10,"{""attribute_key"": ""value_10""}"
cca22fe3-0cd0-42a0-9fe0-b91b6bd6e555,Cattitude,1a075702-e62a-49ad-a87e-57d3c7e2f693,App_Cattitude_Android,user_11,1728462681490,1615840916899,Version 2.0,US,Android,Version 13.0,3.2.0,en_GB,,,f,rc_promo_promotional_testing_lifetime,prod_1,t,1608725763630,1635719491636,1594833079431,1731598400962,1711761448695,1624868414773,1718896039870.0,1670197234684.0,4,221.16,Web,GB,f,"prod_1,prod_1,prod_2",1619349884883.0,Active,,,,PURCHASED,user11@example.com,,facebook,campaign_11,ad_group_11,ad_11,keyword_11,creative_11,idfa_11,idfv_11,gps_ad_id_11,"{""attribute_key"": ""value_11""}"
cca22fe3-0cd0-42a0-9fe0-b91b6bd6e555,Cattitude,1a075702-e62a-49ad-a87e-57d3c7e2f693,App_Cattitude_iOS,user_12,1601122715980,1602105360145,Version 2.0,GB,iOS,Version 15.0,3.1.0,en_GB,,,f,rc_promo_promotional_testing_lifetime,prod_4,f,1580335339877,1656306733561,1638726857878,1723011308052,1702786588085,1671913302187,,,2,294.39,App Store,GB,f,"prod_1,prod_3",1632414582692.0,Sandbox,,,,PURCHASED,user12@example.com,,organic,campaign_12,ad_group_12,ad_12,keyword_12,creative_12,idfa_12,idfv_12,gps_ad_id_12,"{""attribute_key"": ""value_12""}"
cca22fe3-0cd0-42a0-9fe0-b91b6bd6e555,Cattitude,1a075702-e62a-49ad-a87e-57d3c7e2f693,App_Cattitude_iOS,user_13,1668926939563,1643335803107,Version 2.0,US,iOS,Version 13.0,3.0.0,en_GB,,,f,rc_promo_promotional_testing_lifetime,prod_2,f,1732410105601,1627880481414,1694885414396,1620805702234,1602152816257,1658851527342,,,0,745.1,Web,AU,t,"prod_5,prod_2",,Expired,,,,PURCHASED,user13@example.com,,facebook,campaign_13,ad_group_13,ad_13,keyword_13,creative_13,idfa_13,idfv_13,gps_ad_id_13,"{""attribute_key"": ""value_13""}"
cca22fe3-0cd0-42a0-9fe0-b91b6bd6e555,Cattitude,1a075702-e62a-49ad-a87e-57d3c7e2f693,App_Cattitude_iOS,user_14,1632928574230,1626938695517,Version 1.0,CA,iOS,Version 12.0,3.2.0,en_CA,,,f,rc_promo_promotional_testing_lifetime,prod_1,f,1638860075961,1720348951218,1605571926026,1606419668939,1661981442423,1652068793023,1596423438888.0,1681242789338.0,2,306.42,Web,GB,t,"prod_2,prod_2,prod_3",1592751545598.0,Active,,,,PURCHASED,user14@example.com,,facebook,campaign_14,ad_group_14,ad_14,keyword_14,creative_14,idfa_14,idfv_14,gps_ad_id_14,"{""attribute_key"": ""value_14""}"
cca22fe3-0cd0-42a0-9fe0-b91b6bd6e555,Cattitude,1a075702-e62a-49ad-a87e-57d3c7e2f693,App_Cattitude_Stripe,user_15,1672943255561,1726377041683,Version 3.0,AU,Stripe,Version 10.0,3.0.0,en_US,,,f,rc_promo_promotional_testing_lifetime,prod_1,f,1638123141987,1734110073661,1727567429103,1595620060206,1675577456220,1586800234246,,,0,626.67,Google Play,GB,t,"prod_2,prod_1,prod_2",1632718848285.0,Active,,,,PURCHASED,user15@example.com,,organic,campaign_15,ad_group_15,ad_15,keyword_15,creative_15,idfa_15,idfv_15,gps_ad_id_15,"{""attribute_key"": ""value_15""}"
cca22fe3-0cd0-42a0-9fe0-b91b6bd6e555,Cattitude,1a075702-e62a-49ad-a87e-57d3c7e2f693,App_Cattitude_Stripe,user_16,1653909756359,1721410979101,Version 3.0,AU,Stripe,Version 12.0,3.1.0,en_US,,,f,rc_promo_promotional_testing_lifetime,prod_3,t,1646702887114,1711112521463,1606887455182,1591090244722,1633440757318,1704028896367,,1716176959659.0,0,106.31,App Store,AU,t,"prod_4,prod_1,prod_3",1581414824137.0,Non-subscription,,,,PURCHASED,user16@example.com,,organic,campaign_16,ad_group_16,ad_16,keyword_16,creative_16,idfa_16,idfv_16,gps_ad_id_16,"{""attribute_key"": ""value_16""}"
cca22fe3-0cd0-42a0-9fe0-b91b6bd6e555,Cattitude,1a075702-e62a-49ad-a87e-57d3c7e2f693,App_Cattitude_Android,user_17,1711802175576,1716211061436,Version 2.0,GB,Android,Version 14.0,3.2.0,en_CA,,,f,rc_promo_promotional_testing_lifetime,prod_2,t,1717889217844,1616651776013,1689797088135,1669845006213,1658346401298,1607621626239,,,3,807.57,Web,GB,f,"prod_3,prod_5,prod_4",1711487367525.0,Active,,,,PURCHASED,user17@example.com,,google,campaign_17,ad_group_17,ad_17,keyword_17,creative_17,idfa_17,idfv_17,gps_ad_id_17,"{""attribute_key"": ""value_17""}"
cca22fe3-0cd0-42a0-9fe0-b91b6bd6e555,Cattitude,1a075702-e62a-49ad-a87e-57d3c7e2f693,App_Cattitude_Stripe,user_18,1605805843077,1668170320214,Version 2.0,GB,Stripe,Version 15.0,3.1.0,en_US,,,f,rc_promo_promotional_testing_lifetime,prod_1,f,1673012332643,1697903715003,1582300853300,1703751776296,1644772883247,1709916718486,1686775561068.0,,5,579.4,App Store,AU,t,prod_5,1629145603121.0,Active,,,,PURCHASED,user18@example.com,,google,campaign_18,ad_group_18,ad_18,keyword_18,creative_18,idfa_18,idfv_18,gps_ad_id_18,"{""attribute_key"": ""value_18""}"
cca22fe3-0cd0-42a0-9fe0-b91b6bd6e555,Cattitude,1a075702-e62a-49ad-a87e-57d3c7e2f693,App_Cattitude_Stripe,user_19,1668044281395,1586922733977,Version 2.0,AU,Stripe,Version 10.0,3.1.0,en_GB,,,f,rc_promo_promotional_testing_lifetime,prod_3,f,1583125123091,1714614189327,1678622362163,1624434430681,1591881734366,1628995391984,,1697973236662.0,1,418.21,Web,AU,t,"prod_2,prod_5",1692243645147.0,Active,,,,PURCHASED,user19@example.com,,facebook,campaign_19,ad_group_19,ad_19,keyword_19,creative_19,idfa_19,idfv_19,gps_ad_id_19,"{""attribute_key"": ""value_19""}"
cca22fe3-0cd0-42a0-9fe0-b91b6bd6e555,Cattitude,1a075702-e62a-49ad-a87e-57d3c7e2f693,App_Cattitude_Stripe,user_20,1606968843285,1650037888838,Version 2.0,AU,Stripe,Version 10.0,3.0.0,en_US,,,f,rc_promo_promotional_testing_lifetime,prod_1,t,1706287336555,1670620706612,1686600858739,1707850870349,1662576019060,1598142446982,1716975669195.0,,1,343.22,Web,US,f,"prod_2,prod_3",,Non-subscription,,,,PURCHASED,user20@example.com,,google,campaign_20,ad_group_20,ad_20,keyword_20,creative_20,idfa_20,idfv_20,gps_ad_id_20,"{""attribute_key"": ""value_20""}"
cca22fe3-0cd0-42a0-9fe0-b91b6bd6e555,Cattitude,1a075702-e62a-49ad-a87e-57d3c7e2f693,App_Cattitude_iOS,user_21,1728576470111,1623513235210,Version 2.0,,iOS,Version 10.0,3.2.0,en_US,,,f,rc_promo_promotional_testing_lifetime,prod_5,t,1639404855449,1628881828709,1729563034069,1605772920027,1685233090239,1707047083546,1694290522241.0,1607529463700.0,0,943.48,Web,GB,t,"prod_3,prod_3,prod_4",,Non-subscription,,,,FAMILY_SHARED,user21@example.com,,organic,campaign_21,ad_group_21,ad_21,keyword_21,creative_21,idfa_21,idfv_21,gps_ad_id_21,"{""attribute_key"": ""value_21""}"
cca22fe3-0cd0-42a0-9fe0-b91b6bd6e555,Cattitude,1a075702-e62a-49ad-a87e-57d3c7e2f693,App_Cattitude_Stripe,user_22,1618602941515,1716939220981,Version 1.0,GB,Stripe,Version 13.0,3.1.0,en_GB,,,t,rc_promo_promotional_testing_lifetime,prod_3,t,1669138652441,1604036989309,1685550681918,1691285666937,1722613900589,1635894074604,1580515980197.0,1652813727658.0,5,110.74,Google Play,GB,t,prod_3,,Sandbox,,,,PURCHASED,user22@example.com,,google,campaign_22,ad_group_22,ad_22,keyword_22,creative_22,idfa_22,idfv_22,gps_ad_id_22,"{""attribute_key"": ""value_22""}"
cca22fe3-0cd0-42a0-9fe0-b91b6bd6e555,Cattitude,1a075702-e62a-49ad-a87e-57d3c7e2f693,App_Cattitude_Android,user_23,1632638957732,1600156125415,Version 3.0,,Android,Version 14.0,3.1.0,en_US,,,f,rc_promo_promotional_testing_lifetime,prod_2,t,1601566340174,1708288468618,1622049853661,1642627109168,1691184719973,1581223414172,,,3,330.95,Web,AU,f,"prod_2,prod_1",1688885521760.0,Active,,,,PURCHASED,user23@example.com,,organic,campaign_23,ad_group_23,ad_23,keyword_23,creative_23,idfa_23,idfv_23,gps_ad_id_23,"{""attribute_key"": ""value_23""}"
cca22fe3-0cd0-42a0-9fe0-b91b6bd6e555,Cattitude,1a075702-e62a-49ad-a87e-57d3c7e2f693,App_Cattitude_iOS,user_24,1619251355297,1580489677642,Version 1.0,,iOS,Version 12.0,3.1.0,en_CA,,,f,rc_promo_promotional_testing_lifetime,prod_4,f,1715120722168,1682729569561,1727425999375,1604964308486,1692111472720,1643419869641,,1584946360724.0,5,292.53,App Store,US,f,"prod_3,prod_5,prod_4",,Active,,,,PURCHASED,user24@example.com,,facebook,campaign_24,ad_group_24,ad_24,keyword_24,creative_24,idfa_24,idfv_24,gps_ad_id_24,"{""attribute_key"": ""value_24""}"
cca22fe3-0cd0-42a0-9fe0-b91b6bd6e555,Cattitude,1a075702-e62a-49ad-a87e-57d3c7e2f693,App_Cattitude_Stripe,user_25,1631248277300,1718148908865,Version 1.0,,Stripe,Version 13.0,3.1.0,en_GB,,,f,rc_promo_promotional_testing_lifetime,prod_4,t,1610480304057,1632305902909,1625159199793,1605817563512,1695249376781,1582638562387,1708013730201.0,,3,557.89,App Store,US,f,prod_5,,Active,,,,PURCHASED,user25@example.com,,google,campaign_25,ad_group_25,ad_25,keyword_25,creative_25,idfa_25,idfv_25,gps_ad_id_25,"{""attribute_key"": ""value_25""}"
cca22fe3-0cd0-42a0-9fe0-b91b6bd6e555,Cattitude,1a075702-e62a-49ad-a87e-57d3c7e2f693,App_Cattitude_iOS,user_26,1709867068823,1648750901088,Version 1.0,US,iOS,Version 10.0,3.2.0,en_GB,,,f,rc_promo_promotional_testing_lifetime,prod_2,f,1653262907708,1592117691260,1636371812287,1692862729948,1643747828020,1715627359618,1653052960624.0,,1,344.95,Web,GB,t,prod_3,1690441007722.0,Sandbox,,,,FAMILY_SHARED,user26@example.com,,facebook,campaign_26,ad_group_26,ad_26,keyword_26,creative_26,idfa_26,idfv_26,gps_ad_id_26,"{""attribute_key"": ""value_26""}"
cca22fe3-0cd0-42a0-9fe0-b91b6bd6e555,Cattitude,1a075702-e62a-49ad-a87e-57d3c7e2f693,App_Cattitude_iOS,user_27,1608388143876,1698058729891,Version 2.0,US,iOS,Version 10.0,3.2.0,en_US,,,f,rc_promo_promotional_testing_lifetime,prod_3,t,1647088372631,1637895270480,1594518540419,1596537403071,1648617384526,1618055387029,,1665330748173.0,5,342.32,Google Play,AU,f,prod_2,,Non-subscription,,,,FAMILY_SHARED,user27@example.com,,organic,campaign_27,ad_group_27,ad_27,keyword_27,creative_27,idfa_27,idfv_27,gps_ad_id_27,"{""attribute_key"": ""value_27""}"
cca22fe3-0cd0-42a0-9fe0-b91b6bd6e555,Cattitude,1a075702-e62a-49ad-a87e-57d3c7e2f693,App_Cattitude_iOS,user_28,1677103231999,1632920457630,Version 3.0,GB,iOS,Version 13.0,3.2.0,en_US,,,f,rc_promo_promotional_testing_lifetime,prod_5,f,1589287355008,1665972020380,1677769594610,1601532823706,1641063296641,1726348103506,,1606160151899.0,5,472.67,Google Play,GB,t,"prod_5,prod_1,prod_5",,Sandbox,,,,FAMILY_SHARED,user28@example.com,,google,campaign_28,ad_group_28,ad_28,keyword_28,creative_28,idfa_28,idfv_28,gps_ad_id_28,"{""attribute_key"": ""value_28""}"
cca22fe3-0cd0-42a0-9fe0-b91b6bd6e555,Cattitude,1a075702-e62a-49ad-a87e-57d3c7e2f693,App_Cattitude_Android,user_29,1641782795521,1634668574011,Version 1.0,US,Android,Version 10.0,3.2.0,en_GB,,,t,rc_promo_promotional_testing_lifetime,prod_1,f,1580646340552,1680843400888,1723888434410,1670585697749,1598151664768,1597520725943,,1624510936245.0,1,46.48,Web,AU,t,"prod_2,prod_5,prod_5",1594795102055.0,Expired,,,,PURCHASED,user29@example.com,,facebook,campaign_29,ad_group_29,ad_29,keyword_29,creative_29,idfa_29,idfv_29,gps_ad_id_29,"{""attribute_key"": ""value_29""}"
cca22fe3-0cd0-42a0-9fe0-b91b6bd6e555,Cattitude,1a075702-e62a-49ad-a87e-57d3c7e2f693,App_Cattitude_Android,user_30,1621484121468,1674597957087,Version 2.0,AU,Android,Version 10.0,3.1.0,en_GB,,,f,rc_promo_promotional_testing_lifetime,prod_4,t,1626473329929,1703941068094,1702404235323,1650720643116,1683559278176,1730161375848,1591657036014.0,1711435242086.0,4,580.61,Web,US,f,"prod_4,prod_2,prod_2",1707366288440.0,Expired,,,,PURCHASED,user30@example.com,,facebook,campaign_30,ad_group_30,ad_30,keyword_30,creative_30,idfa_30,idfv_30,gps_ad_id_30,"{""attribute_key"": ""value_30""}"
cca22fe3-0cd0-42a0-9fe0-b91b6bd6e555,Cattitude,1a075702-e62a-49ad-a87e-57d3c7e2f693,App_Cattitude_iOS,user_31,1693054762190,1623538478245,Version 1.0,AU,iOS,Version 14.0,3.0.0,en_CA,,,f,rc_promo_promotional_testing_lifetime,prod_1,t,1681170730671,1598205302431,1653618043482,1707028327863,1716759493250,1703507540630,1627789242409.0,1687495180860.0,4,327.58,App Store,AU,f,"prod_5,prod_3",1674116931043.0,Non-subscription,,,,PURCHASED,user31@example.com,,google,campaign_31,ad_group_31,ad_31,keyword_31,creative_31,idfa_31,idfv_31,gps_ad_id_31,"{""attribute_key"": ""value_31""}"
cca22fe3-0cd0-42a0-9fe0-b91b6bd6e555,Cattitude,1a075702-e62a-49ad-a87e-57d3c7e2f693,App_Cattitude_Android,user_32,1671474570387,1629247833059,Version 3.0,GB,Android,Version 11.0,3.0.0,en_GB,,,f,rc_promo_promotional_testing_lifetime,prod_4,t,1658629246323,1700911044341,1658294478025,1727645660355,1721660330487,1686402953635,1690252538540.0,,3,166.49,Google Play,GB,f,prod_1,,Active,,,,PURCHASED,user32@example.com,,google,campaign_32,ad_group_32,ad_32,keyword_32,creative_32,idfa_32,idfv_32,gps_ad_id_32,"{""attribute_key"": ""value_32""}"
cca22fe3-0cd0-42a0-9fe0-b91b6bd6e555,Cattitude,1a075702-e62a-49ad-a87e-57d3c7e2f693,App_Cattitude_iOS,user_33,1725860013636,1654900456109,Version 1.0,GB,iOS,Version 10.0,3.2.0,en_US,,,f,rc_promo_promotional_testing_lifetime,prod_2,t,1680680025333,1612225292286,1720167575089,1699464738918,1677682038698,1671009476968,,1672683927541.0,5,84.13,App Store,GB,t,"prod_1,prod_3,prod_3",1584830041435.0,Expired,,,,PURCHASED,user33@example.com,,organic,campaign_33,ad_group_33,ad_33,keyword_33,creative_33,idfa_33,idfv_33,gps_ad_id_33,"{""attribute_key"": ""value_33""}"
cca22fe3-0cd0-42a0-9fe0-b91b6bd6e555,Cattitude,1a075702-e62a-49ad-a87e-57d3c7e2f693,App_Cattitude_Stripe,user_34,1637713822547,1689053982972,Version 1.0,GB,Stripe,Version 12.0,3.1.0,en_GB,,,f,rc_promo_promotional_testing_lifetime,prod_1,t,1658931605931,1728551642591,1642061647424,1630056260149,1638496849802,1628113216685,,,3,642.55,App Store,GB,t,prod_2,,Active,,,,PURCHASED,user34@example.com,,google,campaign_34,ad_group_34,ad_34,keyword_34,creative_34,idfa_34,idfv_34,gps_ad_id_34,"{""attribute_key"": ""value_34""}"
cca22fe3-0cd0-42a0-9fe0-b91b6bd6e555,Cattitude,1a075702-e62a-49ad-a87e-57d3c7e2f693,App_Cattitude_Stripe,user_35,1673301569841,1608153150600,Version 1.0,AU,Stripe,Version 14.0,3.1.0,en_US,,,t,rc_promo_promotional_testing_lifetime,prod_1,f,1622042568650,1651563829167,1664278542126,1608840239521,1598412437658,1618000194748,,,3,179.63,Google Play,GB,t,"prod_4,prod_1,prod_3",1619589000281.0,Active,,,,PURCHASED,user35@example.com,,facebook,campaign_35,ad_group_35,ad_35,keyword_35,creative_35,idfa_35,idfv_35,gps_ad_id_35,"{""attribute_key"": ""value_35""}"
cca22fe3-0cd0-42a0-9fe0-b91b6bd6e555,Cattitude,1a075702-e62a-49ad-a87e-57d3c7e2f693,App_Cattitude_iOS,user_36,1581406196689,1593410192216,Version 2.0,,iOS,Version 13.0,3.1.0,en_CA,,,f,rc_promo_promotional_testing_lifetime,prod_2,t,1718228625924,1709619003089,1644016338978,1671107089669,1659176705739,1609145752078,,,3,849.31,Web,GB,t,"prod_1,prod_4",1706560903678.0,Sandbox,,,,PURCHASED,user36@example.com,,facebook,campaign_36,ad_group_36,ad_36,keyword_36,creative_36,idfa_36,idfv_36,gps_ad_id_36,"{""attribute_key"": ""value_36""}"
cca22fe3-0cd0-42a0-9fe0-b91b6bd6e555,Cattitude,1a075702-e62a-49ad-a87e-57d3c7e2f693,App_Cattitude_iOS,user_37,1698415605057,1629098063937,Version 2.0,GB,iOS,Version 15.0,3.0.0,en_CA,,,f,rc_promo_promotional_testing_lifetime,prod_5,f,1588239725347,1604421778402,1695337015337,1656962413941,1659776256509,1598393163526,,1621035234816.0,1,601.94,Google Play,GB,t,"prod_5,prod_1,prod_3",1579770308984.0,Active,,,,FAMILY_SHARED,user37@example.com,,organic,campaign_37,ad_group_37,ad_37,keyword_37,creative_37,idfa_37,idfv_37,gps_ad_id_37,"{""attribute_key"": ""value_37""}"
cca22fe3-0cd0-42a0-9fe0-b91b6bd6e555,Cattitude,1a075702-e62a-49ad-a87e-57d3c7e2f693,App_Cattitude_Stripe,user_38,1625111591387,1712498956834,Version 2.0,CA,Stripe,Version 15.0,3.1.0,en_CA,,,f,rc_promo_promotional_testing_lifetime,prod_1,f,1592126420796,1587834709563,1728072120148,1589592846478,1730125698189,1659604869229,,,3,576.34,App Store,GB,t,"prod_3,prod_3,prod_5",1628298846237.0,Expired,,,,PURCHASED,user38@example.com,,organic,campaign_38,ad_group_38,ad_38,keyword_38,creative_38,idfa_38,idfv_38,gps_ad_id_38,"{""attribute_key"": ""value_38""}"
cca22fe3-0cd0-42a0-9fe0-b91b6bd6e555,Cattitude,1a075702-e62a-49ad-a87e-57d3c7e2f693,App_Cattitude_Android,user_39,1697978796565,1641883263685,Version 3.0,CA,Android,Version 15.0,3.2.0,en_US,,,f,rc_promo_promotional_testing_lifetime,prod_5,f,1721090191716,1726549879599,1722013364410,1716356674844,1589264481678,1688364428905,,1622828999132.0,5,763.23,Google Play,GB,f,"prod_2,prod_3,prod_2",,Active,,,,PURCHASED,user39@example.com,,facebook,campaign_39,ad_group_39,ad_39,keyword_39,creative_39,idfa_39,idfv_39,gps_ad_id_39,"{""attribute_key"": ""value_39""}"
cca22fe3-0cd0-42a0-9fe0-b91b6bd6e555,Cattitude,1a075702-e62a-49ad-a87e-57d3c7e2f693,App_Cattitude_Stripe,user_40,1590883718965,1651466404872,Version 2.0,GB,Stripe,Version 10.0,3.0.0,en_US,,,f,rc_promo_promotional_testing_lifetime,prod_1,t,1668814104625,1638813925873,1601637277122,1604427346553,1608053309271,1673547567860,1653343090871.0,1651524598999.0,4,865.02,App Store,US,t,prod_3,1665987193318.0,Non-subscription,,,,PURCHASED,user40@example.com,,facebook,campaign_40,ad_group_40,ad_40,keyword_40,creative_40,idfa_40,idfv_40,gps_ad_id_40,"{""attribute_key"": ""value_40""}"
cca22fe3-0cd0-42a0-9fe0-b91b6bd6e555,Cattitude,1a075702-e62a-49ad-a87e-57d3c7e2f693,App_Cattitude_Android,user_41,1598125043077,1582096403878,Version 3.0,CA,Android,Version 11.0,3.0.0,en_US,,,f,rc_promo_promotional_testing_lifetime,prod_4,f,1683700282557,1638484163643,1639764632749,1602581650535,1616826692432,1622261209031,1689836794337.0,1613730975579.0,1,271.2,Google Play,AU,t,prod_1,1648724803677.0,Active,,,,PURCHASED,user41@example.com,,organic,campaign_41,ad_group_41,ad_41,keyword_41,creative_41,idfa_41,idfv_41,gps_ad_id_41,"{""attribute_key"": ""value_41""}"
cca22fe3-0cd0-42a0-9fe0-b91b6bd6e555,Cattitude,1a075702-e62a-49ad-a87e-57d3c7e2f693,App_Cattitude_iOS,user_42,1617727397408,1690496853495,Version 2.0,,iOS,Version 14.0,3.1.0,en_US,,,f,rc_promo_promotional_testing_lifetime,prod_1,t,1732517667429,1668332711599,1727198777471,1658346628414,1593562043379,1680686579638,,1731634876691.0,4,494.62,Google Play,AU,t,prod_4,,Expired,,,,PURCHASED,user42@example.com,,organic,campaign_42,ad_group_42,ad_42,keyword_42,creative_42,idfa_42,idfv_42,gps_ad_id_42,"{""attribute_key"": ""value_42""}"
cca22fe3-0cd0-42a0-9fe0-b91b6bd6e555,Cattitude,1a075702-e62a-49ad-a87e-57d3c7e2f693,App_Cattitude_iOS,user_43,1719354276577,1636364023873,Version 3.0,AU,iOS,Version 10.0,3.1.0,en_GB,,,f,rc_promo_promotional_testing_lifetime,prod_4,t,1677155351904,1632675068956,1634125355902,1713725366119,1629647394478,1729945513501,,1613820708463.0,0,630.74,App Store,US,t,"prod_5,prod_4",1596271269351.0,Active,,,,PURCHASED,user43@example.com,,google,campaign_43,ad_group_43,ad_43,keyword_43,creative_43,idfa_43,idfv_43,gps_ad_id_43,"{""attribute_key"": ""value_43""}"
cca22fe3-0cd0-42a0-9fe0-b91b6bd6e555,Cattitude,1a075702-e62a-49ad-a87e-57d3c7e2f693,App_Cattitude_Android,user_44,1713080288385,1658457237509,Version 3.0,,Android,Version 10.0,3.2.0,en_US,,,f,rc_promo_promotional_testing_lifetime,prod_5,t,1622490236028,1583849781462,1717804096641,1600750872069,1697720603966,1671388474737,,1679956147132.0,0,575.9,App Store,US,t,prod_1,,Expired,,,,PURCHASED,user44@example.com,,facebook,campaign_44,ad_group_44,ad_44,keyword_44,creative_44,idfa_44,idfv_44,gps_ad_id_44,"{""attribute_key"": ""value_44""}"
cca22fe3-0cd0-42a0-9fe0-b91b6bd6e555,Cattitude,1a075702-e62a-49ad-a87e-57d3c7e2f693,App_Cattitude_Stripe,user_45,1694289925635,1701944639776,Version 3.0,CA,Stripe,Version 11.0,3.2.0,en_GB,,,f,rc_promo_promotional_testing_lifetime,prod_4,t,1667395886066,1625148019392,1596119602811,1689598816369,1604066203856,1595423756409,,,5,578.42,Google Play,US,f,"prod_2,prod_5,prod_3",,Active,,,,PURCHASED,user45@example.com,,organic,campaign_45,ad_group_45,ad_45,keyword_45,creative_45,idfa_45,idfv_45,gps_ad_id_45,"{""attribute_key"": ""value_45""}"
cca22fe3-0cd0-42a0-9fe0-b91b6bd6e555,Cattitude,1a075702-e62a-49ad-a87e-57d3c7e2f693,App_Cattitude_Android,user_46,1629400807419,1630415438552,Version 1.0,CA,Android,Version 14.0,3.0.0,en_US,,,f,rc_promo_promotional_testing_lifetime,prod_3,t,1691918462497,1694762737738,1725144648147,1675703559832,1611733072886,1685187250254,1596663721291.0,1658185942592.0,4,673.2,Google Play,GB,f,"prod_4,prod_5,prod_4",1611744592055.0,Active,,,,PURCHASED,user46@example.com,,google,campaign_46,ad_group_46,ad_46,keyword_46,creative_46,idfa_46,idfv_46,gps_ad_id_46,"{""attribute_key"": ""value_46""}"
cca22fe3-0cd0-42a0-9fe0-b91b6bd6e555,Cattitude,1a075702-e62a-49ad-a87e-57d3c7e2f693,App_Cattitude_iOS,user_47,1640653198406,1663350696970,Version 1.0,CA,iOS,Version 11.0,3.1.0,en_US,,,t,rc_promo_promotional_testing_lifetime,prod_1,f,1640702262846,1633624676471,1709697475472,1684832405443,1588908938098,1705239438135,1660605348190.0,,2,314.71,Web,AU,f,"prod_3,prod_3",,Active,,,,FAMILY_SHARED,user47@example.com,,google,campaign_47,ad_group_47,ad_47,keyword_47,creative_47,idfa_47,idfv_47,gps_ad_id_47,"{""attribute_key"": ""value_47""}"
cca22fe3-0cd0-42a0-9fe0-b91b6bd6e555,Cattitude,1a075702-e62a-49ad-a87e-57d3c7e2f693,App_Cattitude_iOS,user_48,1621880840595,1677574230749,Version 2.0,CA,iOS,Version 11.0,3.0.0,en_US,,,f,rc_promo_promotional_testing_lifetime,prod_5,t,1665253498032,1649238947076,1672709350918,1698352874404,1691324384086,1721251383700,1661074793152.0,1612425175732.0,2,889.49,App Store,US,f,prod_1,,Active,,,,FAMILY_SHARED,user48@example.com,,facebook,campaign_48,ad_group_48,ad_48,keyword_48,creative_48,idfa_48,idfv_48,gps_ad_id_48,"{""attribute_key"": ""value_48""}"
cca22fe3-0cd0-42a0-9fe0-b91b6bd6e555,Cattitude,1a075702-e62a-49ad-a87e-57d3c7e2f693,App_Cattitude_Stripe,user_49,1663938971650,1609263860312,Version 1.0,GB,Stripe,Version 10.0,3.0.0,en_CA,,,f,rc_promo_promotional_testing_lifetime,prod_5,t,1578114133317,1725957333948,1582643122576,1612005282869,1687593999876,1662868327139,1591707863756.0,,3,886.16,Web,US,f,prod_5,,Active,,,,PURCHASED,user49@example.com,,google,campaign_49,ad_group_49,ad_49,keyword_49,creative_49,idfa_49,idfv_49,gps_ad_id_49,"{""attribute_key"": ""value_49""}"
cca22fe3-0cd0-42a0-9fe0-b91b6bd6e555,Cattitude,1a075702-e62a-49ad-a87e-57d3c7e2f693,App_Cattitude_Stripe,user_50,1695280201252,1715491845797,Version 3.0,,Stripe,Version 15.0,3.0.0,en_US,,,f,rc_promo_promotional_testing_lifetime,prod_1,t,1611711575346,1647747694731,1720826817812,1681381427284,1707803709061,1646101220360,1704791607595.0,,0,772.76,Web,GB,t,"prod_5,prod_5,prod_3",1583202910174.0,Active,,,,PURCHASED,user50@example.com,,facebook,campaign_50,ad_group_50,ad_50,keyword_50,creative_50,idfa_50,idfv_50,gps_ad_id_50,"{""attribute_key"": ""value_50""}"
cca22fe3-0cd0-42a0-9fe0-b91b6bd6e555,Cattitude,1a075702-e62a-49ad-a87e-57d3c7e2f693,App_Cattitude_Stripe,user_51,1685535398398,1717810706026,Version 3.0,CA,Stripe,Version 10.0,3.1.0,en_CA,,,f,rc_promo_promotional_testing_lifetime,prod_2,t,1735231049977,1638416540999,1642759099522,1672068099817,1614966730212,1609870577942,1602716071302.0,,4,111.8,Web,AU,f,"prod_3,prod_4",,Non-subscription,,,,PURCHASED,user51@example.com,,organic,campaign_51,ad_group_51,ad_51,keyword_51,creative_51,idfa_51,idfv_51,gps_ad_id_51,"{""attribute_key"": ""value_51""}"
cca22fe3-0cd0-42a0-9fe0-b91b6bd6e555,Cattitude,1a075702-e62a-49ad-a87e-57d3c7e2f693,App_Cattitude_Stripe,user_52,1644943299125,1623642815236,Version 1.0,US,Stripe,Version 13.0,3.0.0,en_CA,,,f,rc_promo_promotional_testing_lifetime,prod_5,t,1710170539310,1671306287402,1611559904564,1700555205638,1715516722482,1599633361590,,1593760158903.0,2,78.52,App Store,GB,t,"prod_4,prod_2",1664437593263.0,Expired,,,,PURCHASED,user52@example.com,,organic,campaign_52,ad_group_52,ad_52,keyword_52,creative_52,idfa_52,idfv_52,gps_ad_id_52,"{""attribute_key"": ""value_52""}"
cca22fe3-0cd0-42a0-9fe0-b91b6bd6e555,Cattitude,1a075702-e62a-49ad-a87e-57d3c7e2f693,App_Cattitude_Stripe,user_53,1733743431279,1658721849554,Version 3.0,GB,Stripe,Version 13.0,3.1.0,en_GB,,,t,rc_promo_promotional_testing_lifetime,prod_3,f,1626272342996,1607131933368,1692351347421,1591240584439,1688226430835,1610756014343,,,4,14.58,App Store,GB,t,prod_5,,Active,,,,PURCHASED,user53@example.com,,google,campaign_53,ad_group_53,ad_53,keyword_53,creative_53,idfa_53,idfv_53,gps_ad_id_53,"{""attribute_key"": ""value_53""}"
cca22fe3-0cd0-42a0-9fe0-b91b6bd6e555,Cattitude,1a075702-e62a-49ad-a87e-57d3c7e2f693,App_Cattitude_Stripe,user_54,1697044591299,1702908422112,Version 2.0,US,Stripe,Version 13.0,3.2.0,en_US,,,f,rc_promo_promotional_testing_lifetime,prod_3,f,1609728530266,1627829394923,1588961361460,1662577882315,1713593975991,1625652993455,,,2,929.52,App Store,US,t,prod_2,1673942889214.0,Expired,,,,PURCHASED,user54@example.com,,facebook,campaign_54,ad_group_54,ad_54,keyword_54,creative_54,idfa_54,idfv_54,gps_ad_id_54,"{""attribute_key"": ""value_54""}"
cca22fe3-0cd0-42a0-9fe0-b91b6bd6e555,Cattitude,1a075702-e62a-49ad-a87e-57d3c7e2f693,App_Cattitude_Stripe,user_55,1583797574099,1666660526670,Version 1.0,CA,Stripe,Version 11.0,3.2.0,en_GB,,,f,rc_promo_promotional_testing_lifetime,prod_5,f,1582013143826,1670130532239,1706716696000,1668344573333,1706619650930,1584498631471,1639659528336.0,1692428194577.0,1,916.19,Web,AU,f,"prod_3,prod_5,prod_5",,Expired,,,,PURCHASED,user55@example.com,,google,campaign_55,ad_group_55,ad_55,keyword_55,creative_55,idfa_55,idfv_55,gps_ad_id_55,"{""attribute_key"": ""value_55""}"
cca22fe3-0cd0-42a0-9fe0-b91b6bd6e555,Cattitude,1a075702-e62a-49ad-a87e-57d3c7e2f693,App_Cattitude_Stripe,user_56,1630676969897,1633003895549,Version 1.0,US,Stripe,Version 11.0,3.2.0,en_US,,,f,rc_promo_promotional_testing_lifetime,prod_4,f,1589196447556,1714378255233,1677555812408,1712956434016,1671983343248,1591874334506,1591879108704.0,1695490905805.0,1,595.02,Web,GB,f,prod_1,,Expired,,,,PURCHASED,user56@example.com,,google,campaign_56,ad_group_56,ad_56,keyword_56,creative_56,idfa_56,idfv_56,gps_ad_id_56,"{""attribute_key"": ""value_56""}"
cca22fe3-0cd0-42a0-9fe0-b91b6bd6e555,Cattitude,1a075702-e62a-49ad-a87e-57d3c7e2f693,App_Cattitude_Android,user_57,1614465992111,1689898128775,Version 3.0,US,Android,Version 10.0,3.1.0,en_CA,,,t,rc_promo_promotional_testing_lifetime,prod_2,t,1632272346625,1610934001608,1610336193727,1710375379741,1723273482084,1629301540564,,,1,726.19,Web,US,f,"prod_4,prod_3,prod_5",1728865247285.0,Active,,,,PURCHASED,user57@example.com,,facebook,campaign_57,ad_group_57,ad_57,keyword_57,creative_57,idfa_57,idfv_57,gps_ad_id_57,"{""attribute_key"": ""value_57""}"
cca22fe3-0cd0-42a0-9fe0-b91b6bd6e555,Cattitude,1a075702-e62a-49ad-a87e-57d3c7e2f693,App_Cattitude_Stripe,user_58,1606275818935,1579834245394,Version 2.0,AU,Stripe,Version 10.0,3.2.0,en_US,,,f,rc_promo_promotional_testing_lifetime,prod_1,f,1733472017868,1714702824077,1645444268919,1619582666493,1680933263390,1707557681437,,,1,882.95,App Store,GB,f,prod_2,,Sandbox,,,,PURCHASED,user58@example.com,,google,campaign_58,ad_group_58,ad_58,keyword_58,creative_58,idfa_58,idfv_58,gps_ad_id_58,"{""attribute_key"": ""value_58""}"
cca22fe3-0cd0-42a0-9fe0-b91b6bd6e555,Cattitude,1a075702-e62a-49ad-a87e-57d3c7e2f693,App_Cattitude_Android,user_59,1633540933293,1691603149722,Version 2.0,AU,Android,Version 12.0,3.1.0,en_GB,,,f,rc_promo_promotional_testing_lifetime,prod_3,t,1698663615789,1631548764123,1708820402311,1602766643608,1588393870776,1637337822114,1668522003467.0,,4,871.67,Web,AU,t,"prod_1,prod_5",1606696408973.0,Active,,,,PURCHASED,user59@example.com,,facebook,campaign_59,ad_group_59,ad_59,keyword_59,creative_59,idfa_59,idfv_59,gps_ad_id_59,"{""attribute_key"": ""value_59""}"
cca22fe3-0cd0-42a0-9fe0-b91b6bd6e555,Cattitude,1a075702-e62a-49ad-a87e-57d3c7e2f693,App_Cattitude_Stripe,user_60,1706696736342,1628165112442,Version 3.0,CA,Stripe,Version 12.0,3.2.0,en_US,,,f,rc_promo_promotional_testing_lifetime,prod_5,f,1635861955659,1649777833045,1640802305512,1709287362565,1649426031928,1599365813861,1693608546762.0,1636806129879.0,3,534.39,Google Play,AU,t,prod_2,1661201493902.0,Active,,,,PURCHASED,user60@example.com,,google,campaign_60,ad_group_60,ad_60,keyword_60,creative_60,idfa_60,idfv_60,gps_ad_id_60,"{""attribute_key"": ""value_60""}"
cca22fe3-0cd0-42a0-9fe0-b91b6bd6e555,Cattitude,1a075702-e62a-49ad-a87e-57d3c7e2f693,App_Cattitude_Android,user_61,1689579870719,1606090700485,Version 3.0,US,Android,Version 11.0,3.2.0,en_GB,,,f,rc_promo_promotional_testing_lifetime,prod_3,f,1691484615401,1712029431271,1701911119978,1579056827902,1698385269917,1717626701168,1645407014804.0,1703895022631.0,3,994.52,App Store,GB,t,"prod_4,prod_4,prod_2",,Sandbox,,,,PURCHASED,user61@example.com,,organic,campaign_61,ad_group_61,ad_61,keyword_61,creative_61,idfa_61,idfv_61,gps_ad_id_61,"{""attribute_key"": ""value_61""}"
cca22fe3-0cd0-42a0-9fe0-b91b6bd6e555,Cattitude,1a075702-e62a-49ad-a87e-57d3c7e2f693,App_Cattitude_Android,user_62,1654528656995,1619940904526,Version 3.0,CA,Android,Version 11.0,3.0.0,en_US,,,f,rc_promo_promotional_testing_lifetime,prod_2,t,1704764824916,1711111216817,1733748829444,1678837494844,1687193472945,1590224378814,,1641544216048.0,0,515.9,Web,GB,f,prod_5,1585663193291.0,Expired,,,,PURCHASED,user62@example.com,,organic,campaign_62,ad_group_62,ad_62,keyword_62,creative_62,idfa_62,idfv_62,gps_ad_id_62,"{""attribute_key"": ""value_62""}"
cca22fe3-0cd0-42a0-9fe0-b91b6bd6e555,Cattitude,1a075702-e62a-49ad-a87e-57d3c7e2f693,App_Cattitude_Android,user_63,1624157361514,1629332509220,Version 2.0,AU,Android,Version 12.0,3.0.0,en_CA,,,f,rc_promo_promotional_testing_lifetime,prod_3,f,1723821794199,1589893863744,1613398037479,1623399706743,1712597485107,1584438517125,1644663293677.0,1708030294524.0,0,497.77,Google Play,US,f,"prod_4,prod_3",,Active,,,,PURCHASED,user63@example.com,,google,campaign_63,ad_group_63,ad_63,keyword_63,creative_63,idfa_63,idfv_63,gps_ad_id_63,"{""attribute_key"": ""value_63""}"
cca22fe3-0cd0-42a0-9fe0-b91b6bd6e555,Cattitude,1a075702-e62a-49ad-a87e-57d3c7e2f693,App_Cattitude_Stripe,user_64,1716704027283,1698305643887,Version 2.0,AU,Stripe,Version 15.0,3.0.0,en_GB,,,f,rc_promo_promotional_testing_lifetime,prod_5,f,1668891339051,1675219361239,1608589706338,1609564573634,1727870311701,1688817064061,1579541066890.0,,4,753.48,Google Play,AU,t,"prod_4,prod_4,prod_4",,Active,,,,PURCHASED,user64@example.com,,facebook,campaign_64,ad_group_64,ad_64,keyword_64,creative_64,idfa_64,idfv_64,gps_ad_id_64,"{""attribute_key"": ""value_64""}"
cca22fe3-0cd0-42a0-9fe0-b91b6bd6e555,Cattitude,1a075702-e62a-49ad-a87e-57d3c7e2f693,App_Cattitude_Stripe,user_65,1613738124098,1688088082349,Version 1.0,,Stripe,Version 11.0,3.2.0,en_GB,,,f,rc_promo_promotional_testing_lifetime,prod_2,f,1674905579467,1684981432535,1718463702001,1590708231415,1628253523541,1687429684297,1624069613112.0,1730563794749.0,3,495.25,Google Play,GB,f,"prod_2,prod_4",,Active,,,,PURCHASED,user65@example.com,,google,campaign_65,ad_group_65,ad_65,keyword_65,creative_65,idfa_65,idfv_65,gps_ad_id_65,"{""attribute_key"": ""value_65""}"
cca22fe3-0cd0-42a0-9fe0-b91b6bd6e555,Cattitude,1a075702-e62a-49ad-a87e-57d3c7e2f693,App_Cattitude_iOS,user_66,1666769844381,1635300758249,Version 2.0,,iOS,Version 12.0,3.1.0,en_GB,,,f,rc_promo_promotional_testing_lifetime,prod_1,f,1627190834153,1619640935880,1704798684430,1669019735391,1646839622759,1720909816609,,1675245449613.0,2,367.23,Google Play,GB,t,"prod_2,prod_5",1640888846544.0,Non-subscription,,,,PURCHASED,user66@example.com,,google,campaign_66,ad_group_66,ad_66,keyword_66,creative_66,idfa_66,idfv_66,gps_ad_id_66,"{""attribute_key"": ""value_66""}"
cca22fe3-0cd0-42a0-9fe0-b91b6bd6e555,Cattitude,1a075702-e62a-49ad-a87e-57d3c7e2f693,App_Cattitude_Stripe,user_67,1620773156020,1592935419943,Version 3.0,GB,Stripe,Version 14.0,3.0.0,en_US,,,f,rc_promo_promotional_testing_lifetime,prod_5,t,1703455892599,1713049363453,1644342816859,1678535638473,1600088000224,1699686383594,,1654903293720.0,5,618.9,Web,AU,f,prod_3,,Non-subscription,,,,PURCHASED,user67@example.com,,google,campaign_67,ad_group_67,ad_67,keyword_67,creative_67,idfa_67,idfv_67,gps_ad_id_67,"{""attribute_key"": ""value_67""}"
cca22fe3-0cd0-42a0-9fe0-b91b6bd6e555,Cattitude,1a075702-e62a-49ad-a87e-57d3c7e2f693,App_Cattitude_Android,user_68,1621561758988,1580121924610,Version 3.0,US,Android,Version 11.0,3.1.0,en_US,,,f,rc_promo_promotional_testing_lifetime,prod_2,t,1700441191274,1605770051098,1639938862829,1591564681033,1659605343376,1668812684044,,1684812597281.0,0,921.29,Web,AU,t,prod_4,,Active,,,,PURCHASED,user68@example.com,,google,campaign_68,ad_group_68,ad_68,keyword_68,creative_68,idfa_68,idfv_68,gps_ad_id_68,"{""attribute_key"": ""value_68""}"
cca22fe3-0cd0-42a0-9fe0-b91b6bd6e555,Cattitude,1a075702-e62a-49ad-a87e-57d3c7e2f693,App_Cattitude_Stripe,user_69,1719495208576,1661104246877,Version 1.0,,Stripe,Version 12.0,3.1.0,en_CA,,,f,rc_promo_promotional_testing_lifetime,prod_2,f,1693045305275,1664670535358,1701597114984,1694064156966,1606938103036,1598658625753,1589224238684.0,,1,988.24,App Store,AU,t,"prod_4,prod_2,prod_2",1581185755625.0,Active,,,,PURCHASED,user69@example.com,,google,campaign_69,ad_group_69,ad_69,keyword_69,creative_69,idfa_69,idfv_69,gps_ad_id_69,"{""attribute_key"": ""value_69""}"
cca22fe3-0cd0-42a0-9fe0-b91b6bd6e555,Cattitude,1a075702-e62a-49ad-a87e-57d3c7e2f693,App_Cattitude_Android,user_70,1665327551392,1579025681164,Version 3.0,,Android,Version 13.0,3.0.0,en_US,,,f,rc_promo_promotional_testing_lifetime,prod_5,t,1647077266134,1713696857655,1657367099844,1728672826197,1599768873091,1722914021183,,,2,754.15,Google Play,US,f,prod_2,,Active,,,,PURCHASED,user70@example.com,,google,campaign_70,ad_group_70,ad_70,keyword_70,creative_70,idfa_70,idfv_70,gps_ad_id_70,"{""attribute_key"": ""value_70""}"
cca22fe3-0cd0-42a0-9fe0-b91b6bd6e555,Cattitude,1a075702-e62a-49ad-a87e-57d3c7e2f693,App_Cattitude_iOS,user_71,1672248606722,1658549077699,Version 1.0,GB,iOS,Version 10.0,3.1.0,en_GB,,,f,rc_promo_promotional_testing_lifetime,prod_2,f,1618397941740,1634880075841,1722547755747,1694030109938,1596378966617,1593824828928,,1625256517425.0,5,370.11,Web,AU,f,"prod_5,prod_3",,Active,,,,PURCHASED,user71@example.com,,google,campaign_71,ad_group_71,ad_71,keyword_71,creative_71,idfa_71,idfv_71,gps_ad_id_71,"{""attribute_key"": ""value_71""}"
cca22fe3-0cd0-42a0-9fe0-b91b6bd6e555,Cattitude,1a075702-e62a-49ad-a87e-57d3c7e2f693,App_Cattitude_Android,user_72,1646744647228,1706733859549,Version 1.0,GB,Android,Version 13.0,3.0.0,en_CA,,,f,rc_promo_promotional_testing_lifetime,prod_2,t,1618137342426,1699006930480,1733312106738,1670546267923,1637459929634,1687683960915,,,3,315.12,Google Play,US,f,prod_4,,Active,,,,PURCHASED,user72@example.com,,organic,campaign_72,ad_group_72,ad_72,keyword_72,creative_72,idfa_72,idfv_72,gps_ad_id_72,"{""attribute_key"": ""value_72""}"
cca22fe3-0cd0-42a0-9fe0-b91b6bd6e555,Cattitude,1a075702-e62a-49ad-a87e-57d3c7e2f693,App_Cattitude_Stripe,user_73,1648235412881,1632497611851,Version 3.0,AU,Stripe,Version 15.0,3.1.0,en_CA,,,f,rc_promo_promotional_testing_lifetime,prod_2,t,1671832853322,1592205728027,1722566748188,1658168498653,1629888884066,1646365969080,,1582310531642.0,1,551.69,Web,US,t,"prod_2,prod_4,prod_5",,Sandbox,,,,PURCHASED,user73@example.com,,organic,campaign_73,ad_group_73,ad_73,keyword_73,creative_73,idfa_73,idfv_73,gps_ad_id_73,"{""attribute_key"": ""value_73""}"
cca22fe3-0cd0-42a0-9fe0-b91b6bd6e555,Cattitude,1a075702-e62a-49ad-a87e-57d3c7e2f693,App_Cattitude_Android,user_74,1656621348689,1579601560336,Version 2.0,US,Android,Version 11.0,3.2.0,en_CA,,,f,rc_promo_promotional_testing_lifetime,prod_2,t,1677425744299,1714545855135,1695084078980,1631863706128,1582691843314,1721566365672,1724602573439.0,,0,744.4,App Store,GB,f,"prod_4,prod_5,prod_5",1704662600992.0,Active,,,,PURCHASED,user74@example.com,,google,campaign_74,ad_group_74,ad_74,keyword_74,creative_74,idfa_74,idfv_74,gps_ad_id_74,"{""attribute_key"": ""value_74""}"
cca22fe3-0cd0-42a0-9fe0-b91b6bd6e555,Cattitude,1a075702-e62a-49ad-a87e-57d3c7e2f693,App_Cattitude_Android,user_75,1596928391101,1732531596094,Version 2.0,CA,Android,Version 13.0,3.0.0,en_CA,,,t,rc_promo_promotional_testing_lifetime,prod_5,t,1672009240026,1590268717935,1596386360014,1728009061349,1633802419162,1593127679335,,,4,596.09,Web,AU,t,"prod_4,prod_1,prod_1",,Active,,,,PURCHASED,user75@example.com,,organic,campaign_75,ad_group_75,ad_75,keyword_75,creative_75,idfa_75,idfv_75,gps_ad_id_75,"{""attribute_key"": ""value_75""}"
cca22fe3-0cd0-42a0-9fe0-b91b6bd6e555,Cattitude,1a075702-e62a-49ad-a87e-57d3c7e2f693,App_Cattitude_Android,user_76,1706697069359,1707421867005,Version 2.0,AU,Android,Version 15.0,3.2.0,en_GB,,,f,rc_promo_promotional_testing_lifetime,prod_1,t,1604548454624,1659841943828,1650948003900,1587751712866,1732614360976,1592900962440,,,0,967.04,Google Play,US,t,"prod_1,prod_1",1733946763936.0,Expired,,,,PURCHASED,user76@example.com,,organic,campaign_76,ad_group_76,ad_76,keyword_76,creative_76,idfa_76,idfv_76,gps_ad_id_76,"{""attribute_key"": ""value_76""}"
cca22fe3-0cd0-42a0-9fe0-b91b6bd6e555,Cattitude,1a075702-e62a-49ad-a87e-57d3c7e2f693,App_Cattitude_iOS,user_77,1637230459736,1602818928052,Version 1.0,US,iOS,Version 11.0,3.0.0,en_GB,,,f,rc_promo_promotional_testing_lifetime,prod_2,f,1651098280183,1704474425875,1620593313155,1589382874822,1695368162110,1593392181980,1631599040437.0,1697534864175.0,2,672.68,App Store,GB,t,prod_2,1583142658905.0,Sandbox,,,,PURCHASED,user77@example.com,,google,campaign_77,ad_group_77,ad_77,keyword_77,creative_77,idfa_77,idfv_77,gps_ad_id_77,"{""attribute_key"": ""value_77""}"
cca22fe3-0cd0-42a0-9fe0-b91b6bd6e555,Cattitude,1a075702-e62a-49ad-a87e-57d3c7e2f693,App_Cattitude_Stripe,user_78,1605173804494,1733692079124,Version 1.0,GB,Stripe,Version 10.0,3.0.0,en_CA,,,f,rc_promo_promotional_testing_lifetime,prod_1,f,1594929708541,1700103881990,1586926357290,1700237808887,1593572826616,1588408422017,1654587361466.0,1728153423479.0,1,873.19,Web,US,f,"prod_2,prod_2",,Expired,,,,PURCHASED,user78@example.com,,organic,campaign_78,ad_group_78,ad_78,keyword_78,creative_78,idfa_78,idfv_78,gps_ad_id_78,"{""attribute_key"": ""value_78""}"
cca22fe3-0cd0-42a0-9fe0-b91b6bd6e555,Cattitude,1a075702-e62a-49ad-a87e-57d3c7e2f693,App_Cattitude_iOS,user_79,1722047644787,1578470379225,Version 3.0,,iOS,Version 14.0,3.2.0,en_CA,,,f,rc_promo_promotional_testing_lifetime,prod_4,t,1609276412781,1588531014206,1605140553734,1636365733152,1687775200444,1687881195209,1610261632234.0,,5,613.85,Web,GB,f,"prod_1,prod_5",,Non-subscription,,,,FAMILY_SHARED,user79@example.com,,organic,campaign_79,ad_group_79,ad_79,keyword_79,creative_79,idfa_79,idfv_79,gps_ad_id_79,"{""attribute_key"": ""value_79""}"
cca22fe3-0cd0-42a0-9fe0-b91b6bd6e555,Cattitude,1a075702-e62a-49ad-a87e-57d3c7e2f693,App_Cattitude_Android,user_80,1706554916199,1656923976801,Version 3.0,US,Android,Version 11.0,3.0.0,en_CA,,,f,rc_promo_promotional_testing_lifetime,prod_5,t,1733764721278,1660125665060,1672173963422,1728564041133,1689423560927,1652948294677,,1732232180016.0,4,721.83,Google Play,AU,t,"prod_3,prod_3,prod_5",,Non-subscription,,,,PURCHASED,user80@example.com,,google,campaign_80,ad_group_80,ad_80,keyword_80,creative_80,idfa_80,idfv_80,gps_ad_id_80,"{""attribute_key"": ""value_80""}"
cca22fe3-0cd0-42a0-9fe0-b91b6bd6e555,Cattitude,1a075702-e62a-49ad-a87e-57d3c7e2f693,App_Cattitude_Stripe,user_81,1581678775819,1694666527373,Version 3.0,CA,Stripe,Version 11.0,3.2.0,en_CA,,,f,rc_promo_promotional_testing_lifetime,prod_5,f,1713779079254,1692186445211,1580495875562,1709477768371,1734577884038,1638966247223,1676045673483.0,1712670644720.0,4,442.07,Google Play,GB,f,prod_2,,Expired,,,,PURCHASED,user81@example.com,,google,campaign_81,ad_group_81,ad_81,keyword_81,creative_81,idfa_81,idfv_81,gps_ad_id_81,"{""attribute_key"": ""value_81""}"
cca22fe3-0cd0-42a0-9fe0-b91b6bd6e555,Cattitude,1a075702-e62a-49ad-a87e-57d3c7e2f693,App_Cattitude_Stripe,user_82,1631372505146,1710930210240,Version 3.0,AU,Stripe,Version 13.0,3.0.0,en_GB,,,f,rc_promo_promotional_testing_lifetime,prod_1,f,1659898130867,1714551784342,1732252112670,1601752513110,1581761113466,1607839221079,,1623637390241.0,0,494.6,Google Play,AU,t,prod_1,,Active,,,,PURCHASED,user82@example.com,,google,campaign_82,ad_group_82,ad_82,keyword_82,creative_82,idfa_82,idfv_82,gps_ad_id_82,"{""attribute_key"": ""value_82""}"
cca22fe3-0cd0-42a0-9fe0-b91b6bd6e555,Cattitude,1a075702-e62a-49ad-a87e-57d3c7e2f693,App_Cattitude_iOS,user_83,1702179301209,1700838989781,Version 1.0,US,iOS,Version 13.0,3.0.0,en_US,,,f,rc_promo_promotional_testing_lifetime,prod_5,t,1579283423108,1702856527036,1608387257552,1595667752252,1582067491827,1684105629409,1582010604433.0,,5,898.51,Web,AU,t,"prod_5,prod_3",,Non-subscription,,,,PURCHASED,user83@example.com,,facebook,campaign_83,ad_group_83,ad_83,keyword_83,creative_83,idfa_83,idfv_83,gps_ad_id_83,"{""attribute_key"": ""value_83""}"
cca22fe3-0cd0-42a0-9fe0-b91b6bd6e555,Cattitude,1a075702-e62a-49ad-a87e-57d3c7e2f693,App_Cattitude_iOS,user_84,1713510543937,1657433971545,Version 1.0,US,iOS,Version 14.0,3.1.0,en_GB,,,f,rc_promo_promotional_testing_lifetime,prod_1,t,1703009909446,1707184570406,1637650144425,1713760128804,1644372407523,1649331349932,1621784659143.0,1666298901745.0,3,282.35,Web,US,f,prod_4,1719166601549.0,Active,,,,PURCHASED,user84@example.com,,organic,campaign_84,ad_group_84,ad_84,keyword_84,creative_84,idfa_84,idfv_84,gps_ad_id_84,"{""attribute_key"": ""value_84""}"
cca22fe3-0cd0-42a0-9fe0-b91b6bd6e555,Cattitude,1a075702-e62a-49ad-a87e-57d3c7e2f693,App_Cattitude_Stripe,user_85,1683924926825,1633808991447,Version 2.0,CA,Stripe,Version 11.0,3.0.0,en_US,,,f,rc_promo_promotional_testing_lifetime,prod_4,f,1608354440689,1601514111311,1733634847881,1623504569165,1728776980543,1701210731979,,,4,127.48,App Store,US,t,"prod_2,prod_2",,Active,,,,PURCHASED,user85@example.com,,facebook,campaign_85,ad_group_85,ad_85,keyword_85,creative_85,idfa_85,idfv_85,gps_ad_id_85,"{""attribute_key"": ""value_85""}"
cca22fe3-0cd0-42a0-9fe0-b91b6bd6e555,Cattitude,1a075702-e62a-49ad-a87e-57d3c7e2f693,App_Cattitude_Android,user_86,1715673010047,1625307517750,Version 3.0,US,Android,Version 15.0,3.1.0,en_US,,,f,rc_promo_promotional_testing_lifetime,prod_2,t,1728946506206,1662220612355,1669909218696,1584604541855,1642492701082,1598046501558,1589420809484.0,1644326782263.0,1,481.39,Web,AU,t,"prod_5,prod_3,prod_3",1696373438744.0,Sandbox,,,,PURCHASED,user86@example.com,,facebook,campaign_86,ad_group_86,ad_86,keyword_86,creative_86,idfa_86,idfv_86,gps_ad_id_86,"{""attribute_key"": ""value_86""}"
cca22fe3-0cd0-42a0-9fe0-b91b6bd6e555,Cattitude,1a075702-e62a-49ad-a87e-57d3c7e2f693,App_Cattitude_iOS,user_87,1618952212129,1728337932756,Version 1.0,,iOS,Version 10.0,3.2.0,en_US,,,f,rc_promo_promotional_testing_lifetime,prod_2,f,1724477840144,1622769118656,1607388384849,1669767542541,1638220189465,1617498064628,1646360078114.0,,2,632.95,Google Play,GB,t,prod_5,1649444799913.0,Active,,,,FAMILY_SHARED,user87@example.com,,facebook,campaign_87,ad_group_87,ad_87,keyword_87,creative_87,idfa_87,idfv_87,gps_ad_id_87,"{""attribute_key"": ""value_87""}"
cca22fe3-0cd0-42a0-9fe0-b91b6bd6e555,Cattitude,1a075702-e62a-49ad-a87e-57d3c7e2f693,App_Cattitude_Android,user_88,1711886489367,1596189879381,Version 2.0,,Android,Version 13.0,3.2.0,en_GB,,,f,rc_promo_promotional_testing_lifetime,prod_3,f,1625936485095,1618385369687,1608685053199,1687064920808,1597415027519,1667324461787,1709510727984.0,,0,30.01,Web,US,f,prod_1,1686042192736.0,Non-subscription,,,,PURCHASED,user88@example.com,,organic,campaign_88,ad_group_88,ad_88,keyword_88,creative_88,idfa_88,idfv_88,gps_ad_id_88,"{""attribute_key"": ""value_88""}"
cca22fe3-0cd0-42a0-9fe0-b91b6bd6e555,Cattitude,1a075702-e62a-49ad-a87e-57d3c7e2f693,App_Cattitude_iOS,user_89,1587406948407,1722871122945,Version 3.0,CA,iOS,Version 15.0,3.0.0,en_CA,,,t,rc_promo_promotional_testing_lifetime,prod_5,f,1709624494061,1663638684377,1596768374192,1588125583605,1695214215727,1725876457771,,1624217562969.0,1,96.95,App Store,US,f,"prod_5,prod_2",1689252625155.0,Active,,,,FAMILY_SHARED,user89@example.com,,facebook,campaign_89,ad_group_89,ad_89,keyword_89,creative_89,idfa_89,idfv_89,gps_ad_id_89,"{""attribute_key"": ""value_89""}"
cca22fe3-0cd0-42a0-9fe0-b91b6bd6e555,Cattitude,1a075702-e62a-49ad-a87e-57d3c7e2f693,App_Cattitude_iOS,user_90,1683392410419,1652796931173,Version 1.0,,iOS,Version 15.0,3.0.0,en_US,,,f,rc_promo_promotional_testing_lifetime,prod_4,f,1641751152112,1586805636207,1715309175374,1640415691164,1664411309550,1674236230474,,,5,68.56,App Store,AU,f,"prod_4,prod_2,prod_1",,Active,,,,FAMILY_SHARED,user90@example.com,,google,campaign_90,ad_group_90,ad_90,keyword_90,creative_90,idfa_90,idfv_90,gps_ad_id_90,"{""attribute_key"": ""value_90""}"
cca22fe3-0cd0-42a0-9fe0-b91b6bd6e555,Cattitude,1a075702-e62a-49ad-a87e-57d3c7e2f693,App_Cattitude_Stripe,user_91,1716799506913,1663367062046,Version 3.0,CA,Stripe,Version 10.0,3.2.0,en_CA,,,f,rc_promo_promotional_testing_lifetime,prod_2,t,1632992417034,1627195178387,1709592736349,1630613296414,1714089554396,1734219605434,1733232875799.0,1598926683590.0,0,185.3,Google Play,GB,t,"prod_4,prod_3,prod_1",1660014793809.0,Non-subscription,,,,PURCHASED,user91@example.com,,facebook,campaign_91,ad_group_91,ad_91,keyword_91,creative_91,idfa_91,idfv_91,gps_ad_id_91,"{""attribute_key"": ""value_91""}"
cca22fe3-0cd0-42a0-9fe0-b91b6bd6e555,Cattitude,1a075702-e62a-49ad-a87e-57d3c7e2f693,App_Cattitude_Android,user_92,1690468130324,1654036667403,Version 1.0,GB,Android,Version 14.0,3.2.0,en_CA,,,f,rc_promo_promotional_testing_lifetime,prod_3,t,1611666285178,1646684222641,1659477959366,1616017235448,1584829700592,1720546049259,,1710915353788.0,4,791.03,App Store,AU,t,prod_3,,Active,,,,PURCHASED,user92@example.com,,organic,campaign_92,ad_group_92,ad_92,keyword_92,creative_92,idfa_92,idfv_92,gps_ad_id_92,"{""attribute_key"": ""value_92""}"
cca22fe3-0cd0-42a0-9fe0-b91b6bd6e555,Cattitude,1a075702-e62a-49ad-a87e-57d3c7e2f693,App_Cattitude_Stripe,user_93,1618063282948,1697757974149,Version 3.0,CA,Stripe,Version 11.0,3.0.0,en_CA,,,f,rc_promo_promotional_testing_lifetime,prod_2,t,1681939033399,1640156740635,1700036037556,1669949969984,1699999212230,1724443853294,,,0,156.65,Google Play,US,t,"prod_2,prod_2,prod_1",,Expired,,,,PURCHASED,user93@example.com,,google,campaign_93,ad_group_93,ad_93,keyword_93,creative_93,idfa_93,idfv_93,gps_ad_id_93,"{""attribute_key"": ""value_93""}"
cca22fe3-0cd0-42a0-9fe0-b91b6bd6e555,Cattitude,1a075702-e62a-49ad-a87e-57d3c7e2f693,App_Cattitude_iOS,user_94,1629496397845,1598627384275,Version 1.0,GB,iOS,Version 12.0,3.2.0,en_GB,,,f,rc_promo_promotional_testing_lifetime,prod_1,f,1645049751049,1733965280920,1692383796918,1585676806979,1598546047780,1640498013432,,,5,540.49,Google Play,AU,f,"prod_5,prod_4,prod_1",1726221938763.0,Active,,,,FAMILY_SHARED,user94@example.com,,facebook,campaign_94,ad_group_94,ad_94,keyword_94,creative_94,idfa_94,idfv_94,gps_ad_id_94,"{""attribute_key"": ""value_94""}"
cca22fe3-0cd0-42a0-9fe0-b91b6bd6e555,Cattitude,1a075702-e62a-49ad-a87e-57d3c7e2f693,App_Cattitude_iOS,user_95,1590393406060,1634904971720,Version 2.0,US,iOS,Version 15.0,3.1.0,en_US,,,t,rc_promo_promotional_testing_lifetime,prod_5,f,1713928038275,1627807297145,1621377417586,1678871635598,1659955284565,1613256198215,,1604876985525.0,2,306.76,Web,GB,t,prod_3,1643115314778.0,Active,,,,PURCHASED,user95@example.com,,organic,campaign_95,ad_group_95,ad_95,keyword_95,creative_95,idfa_95,idfv_95,gps_ad_id_95,"{""attribute_key"": ""value_95""}"
cca22fe3-0cd0-42a0-9fe0-b91b6bd6e555,Cattitude,1a075702-e62a-49ad-a87e-57d3c7e2f693,App_Cattitude_Stripe,user_96,1596657923505,1652980199824,Version 3.0,GB,Stripe,Version 15.0,3.1.0,en_US,,,f,rc_promo_promotional_testing_lifetime,prod_1,f,1643276210662,1680896919381,1594518636791,1717697960269,1727179763555,1698730819789,1729276399481.0,,4,98.77,Web,GB,t,"prod_2,prod_4,prod_5",1635523163487.0,Active,,,,PURCHASED,user96@example.com,,google,campaign_96,ad_group_96,ad_96,keyword_96,creative_96,idfa_96,idfv_96,gps_ad_id_96,"{""attribute_key"": ""value_96""}"
cca22fe3-0cd0-42a0-9fe0-b91b6bd6e555,Cattitude,1a075702-e62a-49ad-a87e-57d3c7e2f693,App_Cattitude_Stripe,user_97,1606312834527,1680917807197,Version 2.0,US,Stripe,Version 13.0,3.0.0,en_CA,,,t,rc_promo_promotional_testing_lifetime,prod_3,f,1695179257426,1734840806371,1623927881513,1619399317523,1691391824835,1644969998504,1683553235958.0,1711537992398.0,0,245.01,App Store,AU,f,"prod_3,prod_4",,Expired,,,,PURCHASED,user97@example.com,,google,campaign_97,ad_group_97,ad_97,keyword_97,creative_97,idfa_97,idfv_97,gps_ad_id_97,"{""attribute_key"": ""value_97""}"
cca22fe3-0cd0-42a0-9fe0-b91b6bd6e555,Cattitude,1a075702-e62a-49ad-a87e-57d3c7e2f693,App_Cattitude_Stripe,user_98,1683624422605,1649392456851,Version 1.0,AU,Stripe,Version 10.0,3.0.0,en_CA,,,f,rc_promo_promotional_testing_lifetime,prod_1,t,1668113544365,1722162195269,1713977013550,1728628512511,1720963948378,1690959791928,1712138682861.0,1695715182132.0,2,638.69,Web,US,f,"prod_2,prod_1",1623671712051.0,Sandbox,,,,PURCHASED,user98@example.com,,organic,campaign_98,ad_group_98,ad_98,keyword_98,creative_98,idfa_98,idfv_98,gps_ad_id_98,"{""attribute_key"": ""value_98""}"
cca22fe3-0cd0-42a0-9fe0-b91b6bd6e555,Cattitude,1a075702-e62a-49ad-a87e-57d3c7e2f693,App_Cattitude_Stripe,user_99,1712830529763,1655186497783,Version 2.0,AU,Stripe,Version 15.0,3.0.0,en_CA,,,f,rc_promo_promotional_testing_lifetime,prod_5,t,1707912498622,1615505911021,1654114043214,1702657197538,1667498599502,1619557014740,,1648419197740.0,2,793.48,Google Play,GB,t,"prod_4,prod_4",1640464744297.0,Active,,,,PURCHASED,user99@example.com,,facebook,campaign_99,ad_group_99,ad_99,keyword_99,creative_99,idfa_99,idfv_99,gps_ad_id_99,"{""attribute_key"": ""value_99""}"
