rc_original_app_user_id,rc_last_seen_app_user_id_alias,country,country_source,product_identifier,product_display_name,product_duration,start_time,end_time,grace_period_end_time,effective_end_time,store,is_auto_renewable,is_trial_period,is_in_intro_offer_period,is_sandbox,price_in_usd,purchase_price_in_usd,takehome_percentage,tax_percentage,commission_percentage,store_transaction_id,original_store_transaction_id,refunded_at,unsubscribe_detected_at,billing_issues_detected_at,purchased_currency,price_in_purchased_currency,purchase_price_in_purchased_currency,entitlement_identifiers,renewal_number,is_trial_conversion,presented_offering,ownership_type,reserved_subscriber_attributes,custom_subscriber_attributes,platform,experiment_id,experiment_variant,updated_at,offer,offer_type,first_seen_time,auto_resume_time
$RCAnonymousID:7840710868620076,$RCAnonymousID:2585214381824999,US,estimated,rc_subscription_monthly,Weekly $2.99,P1W,2023-02-02 21:40:15,2023-07-01 02:07:55,,2023-07-28 19:07:18,play_store,False,False,True,True,2.13,3.37,0.85,0.1998,0.16,653699907653176,104292995977792,2023-06-21 01:33:29,,2023-06-30 19:29:15,EUR,8.33,1.12,['full_access'],2,False,Default Offering,PURCHASED,"{""$ip"": {""value"": ""203.78.120.117"", ""updated_at_ms"": 1672549200}, ""$gpsAdId"": {""value"": ""80480bdc-06e0-11ee-be56-0242ac120002"", ""updated_at_ms"": 1672549200}, ""$androidId"": {""value"": ""12345a9876b4c123"", ""updated_at_ms"": 1673097132390}}","{""feature_setting"": {""value"": ""1"", ""updated_at_ms"": 1672549200}, ""survey_response"": {""value"": ""2"", ""updated_at_ms"": 1599112814785}}",android,,,2023-10-31 20:24:27,,,2023-08-24 13:08:01,2023-09-29 23:24:27
$RCAnonymousID:7220215682095139,$RCAnonymousID:2603299310612084,GB,from_sdk,rc_subscription_annual,Annual $99.99,P1W,2023-11-27 15:51:44,2023-07-03 09:29:12,,2023-04-30 03:43:52,app_store,True,False,False,True,7.87,2.06,0.85,0.1667,0.18,771513741979779,223815254855019,2023-12-08 14:41:42,2023-01-14 18:06:06,,USD,1.83,5.88,"['membership', 'full_access']",4,True,Default Offering,PURCHASED,"{""$ip"": {""value"": ""203.78.120.117"", ""updated_at_ms"": 1672549200}, ""$gpsAdId"": {""value"": ""80480bdc-06e0-11ee-be56-0242ac120002"", ""updated_at_ms"": 1672549200}, ""$androidId"": {""value"": ""12345a9876b4c123"", ""updated_at_ms"": 1673097132390}}","{""feature_setting"": {""value"": ""1"", ""updated_at_ms"": 1672549200}, ""survey_response"": {""value"": ""2"", ""updated_at_ms"": 1599112814785}}",ios,,,2023-10-10 14:44:15,,,2023-11-23 21:43:21,
$RCAnonymousID:8180409887224715,$RCAnonymousID:8524753768194896,DE,from_sdk,rc_subscription_monthly,Monthly $9.99,P1M,2023-03-20 09:58:02,2023-06-02 09:26:49,,2023-05-27 17:39:04,stripe,False,True,True,True,2.59,3.6,0.85,0.1416,0.12,535876194953417,360352705104679,,2023-05-20 20:20:19,,USD,1.86,9.45,['full_access'],5,True,Default Offering,PURCHASED,"{""$ip"": {""value"": ""203.78.120.117"", ""updated_at_ms"": 1672549200}, ""$gpsAdId"": {""value"": ""80480bdc-06e0-11ee-be56-0242ac120002"", ""updated_at_ms"": 1672549200}, ""$androidId"": {""value"": ""12345a9876b4c123"", ""updated_at_ms"": 1673097132390}}","{""feature_setting"": {""value"": ""1"", ""updated_at_ms"": 1672549200}, ""survey_response"": {""value"": ""2"", ""updated_at_ms"": 1599112814785}}",android,,,2023-02-05 13:54:30,holiday_offer,discount,2023-08-11 12:09:25,2023-09-29 15:48:07
$RCAnonymousID:9464244179086005,$RCAnonymousID:4848820460821926,FR,estimated,rc_subscription_monthly,Monthly $9.99,P1W,2023-03-05 08:57:32,2023-08-31 22:59:16,,2023-03-13 17:27:44,play_store,False,True,True,False,5.46,3.08,0.7,0.1055,0.18,928596655445023,227034320420295,,2023-04-06 06:14:14,2023-12-13 12:42:10,EUR,9.0,3.41,['membership'],5,True,Default Offering,FAMILY_SHARED,"{""$ip"": {""value"": ""203.78.120.117"", ""updated_at_ms"": 1672549200}, ""$gpsAdId"": {""value"": ""80480bdc-06e0-11ee-be56-0242ac120002"", ""updated_at_ms"": 1672549200}, ""$androidId"": {""value"": ""12345a9876b4c123"", ""updated_at_ms"": 1673097132390}}","{""feature_setting"": {""value"": ""1"", ""updated_at_ms"": 1672549200}, ""survey_response"": {""value"": ""2"", ""updated_at_ms"": 1599112814785}}",ios,,,2023-03-19 20:40:52,holiday_offer,offer_code,2023-03-24 10:38:41,
$RCAnonymousID:3808808412609683,$RCAnonymousID:7550801826348383,DE,estimated,rc_subscription_monthly,Annual $99.99,P1M,2023-10-09 22:27:58,2023-06-11 15:44:12,2023-09-09 08:24:38,2023-10-09 05:26:57,play_store,True,True,False,True,2.97,9.24,0.7,0.1334,0.11,367309155283633,727408226128989,2023-06-05 15:16:03,2023-11-06 04:15:57,,GBP,2.38,7.75,['membership'],4,False,Default Offering,PURCHASED,"{""$ip"": {""value"": ""203.78.120.117"", ""updated_at_ms"": 1672549200}, ""$gpsAdId"": {""value"": ""80480bdc-06e0-11ee-be56-0242ac120002"", ""updated_at_ms"": 1672549200}, ""$androidId"": {""value"": ""12345a9876b4c123"", ""updated_at_ms"": 1673097132390}}","{""feature_setting"": {""value"": ""1"", ""updated_at_ms"": 1672549200}, ""survey_response"": {""value"": ""2"", ""updated_at_ms"": 1599112814785}}",android,prexp3706852,,2023-01-28 17:35:05,,,2023-12-13 16:36:08,
$RCAnonymousID:3465520063113239,$RCAnonymousID:1231245464224626,GB,from_sdk,rc_subscription_annual,Weekly $2.99,P1W,2023-01-06 03:46:35,2023-10-10 23:00:41,2023-12-05 17:10:14,2023-07-08 08:21:01,stripe,True,True,True,False,3.87,7.77,0.85,0.1848,0.16,189243661070704,167802720252463,,,,GBP,3.98,3.29,"['membership', 'full_access']",5,False,Default Offering,PURCHASED,"{""$ip"": {""value"": ""203.78.120.117"", ""updated_at_ms"": 1672549200}, ""$gpsAdId"": {""value"": ""80480bdc-06e0-11ee-be56-0242ac120002"", ""updated_at_ms"": 1672549200}, ""$androidId"": {""value"": ""12345a9876b4c123"", ""updated_at_ms"": 1673097132390}}","{""feature_setting"": {""value"": ""1"", ""updated_at_ms"": 1672549200}, ""survey_response"": {""value"": ""2"", ""updated_at_ms"": 1599112814785}}",android,prexp3786197,a,2023-11-07 11:39:51,holiday_offer,offer_code,2023-07-06 20:35:14,
$RCAnonymousID:3904654901934559,$RCAnonymousID:4341807720782797,FR,estimated,rc_subscription_annual,Annual $99.99,P1W,2023-05-23 13:01:31,2023-01-18 12:55:40,,2023-04-29 01:32:37,play_store,False,True,False,True,4.27,8.22,0.85,0.1265,0.12,504045466941903,237717090756338,2023-04-26 02:45:40,2023-01-21 05:43:22,2023-07-07 09:02:44,USD,7.6,5.82,['membership'],2,True,Default Offering,PURCHASED,"{""$ip"": {""value"": ""203.78.120.117"", ""updated_at_ms"": 1672549200}, ""$gpsAdId"": {""value"": ""80480bdc-06e0-11ee-be56-0242ac120002"", ""updated_at_ms"": 1672549200}, ""$androidId"": {""value"": ""12345a9876b4c123"", ""updated_at_ms"": 1673097132390}}","{""feature_setting"": {""value"": ""1"", ""updated_at_ms"": 1672549200}, ""survey_response"": {""value"": ""2"", ""updated_at_ms"": 1599112814785}}",android,,,2023-06-04 14:04:31,,,2023-12-31 03:15:29,
$RCAnonymousID:1073345995173480,$RCAnonymousID:5552774074622625,DE,from_sdk,rc_subscription_weekly,Weekly $2.99,P1W,2023-02-03 20:41:53,2023-07-04 01:26:04,,2023-10-24 17:26:08,play_store,True,False,False,True,2.66,4.96,0.85,0.1158,0.14,413847969172107,719238905979484,,2023-03-24 19:33:07,2023-09-06 03:48:25,EUR,6.78,4.67,['membership'],4,False,Default Offering,PURCHASED,"{""$ip"": {""value"": ""203.78.120.117"", ""updated_at_ms"": 1672549200}, ""$gpsAdId"": {""value"": ""80480bdc-06e0-11ee-be56-0242ac120002"", ""updated_at_ms"": 1672549200}, ""$androidId"": {""value"": ""12345a9876b4c123"", ""updated_at_ms"": 1673097132390}}","{""feature_setting"": {""value"": ""1"", ""updated_at_ms"": 1672549200}, ""survey_response"": {""value"": ""2"", ""updated_at_ms"": 1599112814785}}",ios,prexp5733330,a,2023-04-18 23:36:06,holiday_offer,discount,2023-03-16 00:55:22,
$RCAnonymousID:2880726631979555,$RCAnonymousID:1908691292574014,GB,estimated,rc_subscription_monthly,Monthly $9.99,P1Y,2023-04-25 22:43:14,2023-09-25 02:18:56,,2023-11-03 17:54:41,stripe,False,True,True,True,2.45,3.77,0.7,0.1043,0.15,252607865292559,894453628832688,,,2023-02-19 04:42:03,GBP,6.95,4.71,"['membership', 'full_access']",1,False,Default Offering,PURCHASED,"{""$ip"": {""value"": ""203.78.120.117"", ""updated_at_ms"": 1672549200}, ""$gpsAdId"": {""value"": ""80480bdc-06e0-11ee-be56-0242ac120002"", ""updated_at_ms"": 1672549200}, ""$androidId"": {""value"": ""12345a9876b4c123"", ""updated_at_ms"": 1673097132390}}","{""feature_setting"": {""value"": ""1"", ""updated_at_ms"": 1672549200}, ""survey_response"": {""value"": ""2"", ""updated_at_ms"": 1599112814785}}",ios,,,2023-05-18 14:26:42,black_friday_discount,discount,2023-05-24 12:51:49,
$RCAnonymousID:7332206761723225,$RCAnonymousID:7287601570118428,GB,from_sdk,rc_subscription_monthly,Monthly $9.99,P1W,2023-03-17 05:35:21,2023-09-22 11:48:54,2023-10-25 09:16:15,2023-05-16 20:09:14,app_store,True,True,True,False,1.35,8.19,0.7,0.1643,0.13,475762010644654,214698754683944,2023-03-02 17:54:45,2023-08-06 02:43:14,,GBP,4.02,4.02,['membership'],4,False,Default Offering,PURCHASED,"{""$ip"": {""value"": ""203.78.120.117"", ""updated_at_ms"": 1672549200}, ""$gpsAdId"": {""value"": ""80480bdc-06e0-11ee-be56-0242ac120002"", ""updated_at_ms"": 1672549200}, ""$androidId"": {""value"": ""12345a9876b4c123"", ""updated_at_ms"": 1673097132390}}","{""feature_setting"": {""value"": ""1"", ""updated_at_ms"": 1672549200}, ""survey_response"": {""value"": ""2"", ""updated_at_ms"": 1599112814785}}",ios,,a,2023-06-09 10:24:25,,,2023-08-23 04:19:57,2023-09-29 13:27:40
$RCAnonymousID:5284483459126314,$RCAnonymousID:8994059849823181,US,from_sdk,rc_subscription_annual,Annual $99.99,P1W,2023-10-17 00:13:45,2023-06-11 18:57:59,2023-03-28 04:39:15,2023-03-19 01:07:01,play_store,True,True,False,True,2.06,9.9,0.85,0.1026,0.15,198672421156580,670177017671413,,2023-03-09 01:24:51,2023-07-27 20:22:38,USD,4.61,3.57,['membership'],1,False,Default Offering,FAMILY_SHARED,"{""$ip"": {""value"": ""203.78.120.117"", ""updated_at_ms"": 1672549200}, ""$gpsAdId"": {""value"": ""80480bdc-06e0-11ee-be56-0242ac120002"", ""updated_at_ms"": 1672549200}, ""$androidId"": {""value"": ""12345a9876b4c123"", ""updated_at_ms"": 1673097132390}}","{""feature_setting"": {""value"": ""1"", ""updated_at_ms"": 1672549200}, ""survey_response"": {""value"": ""2"", ""updated_at_ms"": 1599112814785}}",ios,prexp4546997,b,2023-05-10 14:59:13,holiday_offer,,2023-06-18 20:05:21,
$RCAnonymousID:9191691383383136,$RCAnonymousID:1567838838845037,CA,estimated,rc_subscription_annual,Weekly $2.99,P1W,2023-07-03 18:13:07,2023-12-08 19:23:33,,2023-01-27 10:37:36,play_store,True,True,True,False,4.93,8.77,0.7,0.1031,0.11,720662845579680,649173337183004,,2023-06-07 15:07:18,,EUR,7.14,5.58,"['membership', 'full_access']",4,False,Default Offering,PURCHASED,"{""$ip"": {""value"": ""203.78.120.117"", ""updated_at_ms"": 1672549200}, ""$gpsAdId"": {""value"": ""80480bdc-06e0-11ee-be56-0242ac120002"", ""updated_at_ms"": 1672549200}, ""$androidId"": {""value"": ""12345a9876b4c123"", ""updated_at_ms"": 1673097132390}}","{""feature_setting"": {""value"": ""1"", ""updated_at_ms"": 1672549200}, ""survey_response"": {""value"": ""2"", ""updated_at_ms"": 1599112814785}}",ios,prexp9525981,,2023-07-17 15:22:17,holiday_offer,discount,2023-10-14 08:04:35,2023-11-11 20:18:17
$RCAnonymousID:5375869466298576,$RCAnonymousID:3994363275861639,FR,estimated,rc_subscription_monthly,Annual $99.99,P1W,2023-06-14 11:39:54,2023-11-23 11:51:34,2023-05-07 16:50:34,2023-10-18 00:17:26,play_store,True,False,True,True,3.52,8.07,0.85,0.1063,0.12,402866963367115,227894739077148,,2023-04-22 11:06:36,2023-01-30 02:16:20,GBP,8.79,6.63,"['membership', 'full_access']",3,True,Default Offering,PURCHASED,"{""$ip"": {""value"": ""203.78.120.117"", ""updated_at_ms"": 1672549200}, ""$gpsAdId"": {""value"": ""80480bdc-06e0-11ee-be56-0242ac120002"", ""updated_at_ms"": 1672549200}, ""$androidId"": {""value"": ""12345a9876b4c123"", ""updated_at_ms"": 1673097132390}}","{""feature_setting"": {""value"": ""1"", ""updated_at_ms"": 1672549200}, ""survey_response"": {""value"": ""2"", ""updated_at_ms"": 1599112814785}}",ios,prexp4564921,,2023-02-14 15:10:27,holiday_offer,discount,2023-10-19 03:06:06,
$RCAnonymousID:6581604923762701,$RCAnonymousID:6704207299576631,CA,from_sdk,rc_subscription_weekly,Weekly $2.99,P1M,2023-03-15 01:24:28,2023-11-08 04:56:20,,2023-10-01 12:14:11,app_store,False,True,False,False,6.61,4.4,0.85,0.1309,0.16,167809859746923,218878340050785,2023-08-13 07:20:07,,,USD,5.47,8.8,"['membership', 'full_access']",3,False,Default Offering,PURCHASED,"{""$ip"": {""value"": ""203.78.120.117"", ""updated_at_ms"": 1672549200}, ""$gpsAdId"": {""value"": ""80480bdc-06e0-11ee-be56-0242ac120002"", ""updated_at_ms"": 1672549200}, ""$androidId"": {""value"": ""12345a9876b4c123"", ""updated_at_ms"": 1673097132390}}","{""feature_setting"": {""value"": ""1"", ""updated_at_ms"": 1672549200}, ""survey_response"": {""value"": ""2"", ""updated_at_ms"": 1599112814785}}",ios,prexp4301750,b,2023-10-13 15:07:02,holiday_offer,discount,2023-11-27 07:56:16,2023-02-18 00:35:27
$RCAnonymousID:7581775135473201,$RCAnonymousID:8129218134465262,CA,estimated,rc_subscription_weekly,Weekly $2.99,P1W,2023-09-06 16:48:23,2023-10-01 02:43:29,2023-09-12 09:16:29,2023-01-13 16:11:02,app_store,False,True,True,True,1.49,9.99,0.85,0.1223,0.19,593735603134453,373062129633386,2023-10-12 00:51:06,2023-06-11 19:07:28,,USD,3.56,5.04,"['membership', 'full_access']",4,False,Default Offering,PURCHASED,"{""$ip"": {""value"": ""203.78.120.117"", ""updated_at_ms"": 1672549200}, ""$gpsAdId"": {""value"": ""80480bdc-06e0-11ee-be56-0242ac120002"", ""updated_at_ms"": 1672549200}, ""$androidId"": {""value"": ""12345a9876b4c123"", ""updated_at_ms"": 1673097132390}}","{""feature_setting"": {""value"": ""1"", ""updated_at_ms"": 1672549200}, ""survey_response"": {""value"": ""2"", ""updated_at_ms"": 1599112814785}}",ios,prexp9295891,b,2023-10-27 22:30:55,holiday_offer,,2023-05-21 04:34:20,2023-06-22 09:46:34
$RCAnonymousID:2103878302005144,$RCAnonymousID:3717927927266181,GB,estimated,rc_subscription_monthly,Monthly $9.99,P1W,2023-01-16 00:26:02,2023-07-11 07:07:14,2023-09-07 01:08:44,2023-02-18 23:59:49,app_store,True,True,False,True,2.23,7.64,0.7,0.1528,0.13,855538742679955,226846103102553,2023-05-11 23:58:07,,,USD,1.79,7.55,['full_access'],1,True,Default Offering,PURCHASED,"{""$ip"": {""value"": ""203.78.120.117"", ""updated_at_ms"": 1672549200}, ""$gpsAdId"": {""value"": ""80480bdc-06e0-11ee-be56-0242ac120002"", ""updated_at_ms"": 1672549200}, ""$androidId"": {""value"": ""12345a9876b4c123"", ""updated_at_ms"": 1673097132390}}","{""feature_setting"": {""value"": ""1"", ""updated_at_ms"": 1672549200}, ""survey_response"": {""value"": ""2"", ""updated_at_ms"": 1599112814785}}",android,prexp4349412,b,2023-08-27 19:04:56,holiday_offer,discount,2023-07-16 15:41:48,
$RCAnonymousID:3044490453976536,$RCAnonymousID:3967052561829820,FR,from_sdk,rc_subscription_weekly,Annual $99.99,P1Y,2023-10-16 15:58:45,2023-10-12 08:49:55,2023-11-05 08:33:59,2023-12-01 10:28:54,play_store,True,False,False,True,5.3,7.11,0.7,0.1763,0.1,998356341421507,827265800048823,,,,EUR,6.46,4.28,"['membership', 'full_access']",2,False,Default Offering,FAMILY_SHARED,"{""$ip"": {""value"": ""203.78.120.117"", ""updated_at_ms"": 1672549200}, ""$gpsAdId"": {""value"": ""80480bdc-06e0-11ee-be56-0242ac120002"", ""updated_at_ms"": 1672549200}, ""$androidId"": {""value"": ""12345a9876b4c123"", ""updated_at_ms"": 1673097132390}}","{""feature_setting"": {""value"": ""1"", ""updated_at_ms"": 1672549200}, ""survey_response"": {""value"": ""2"", ""updated_at_ms"": 1599112814785}}",android,prexp7579396,b,2023-02-20 02:45:26,,offer_code,2023-03-10 23:03:45,
$RCAnonymousID:8320919063283675,$RCAnonymousID:6824366167495354,DE,estimated,rc_subscription_weekly,Annual $99.99,P1M,2023-03-07 09:30:07,2023-02-03 15:56:19,,2023-05-31 22:11:08,app_store,True,True,True,False,6.47,9.96,0.85,0.1957,0.18,544106595167546,137560517544036,2023-10-07 17:12:29,2023-01-27 13:54:32,,GBP,3.02,8.23,"['membership', 'full_access']",3,False,Default Offering,PURCHASED,"{""$ip"": {""value"": ""203.78.120.117"", ""updated_at_ms"": 1672549200}, ""$gpsAdId"": {""value"": ""80480bdc-06e0-11ee-be56-0242ac120002"", ""updated_at_ms"": 1672549200}, ""$androidId"": {""value"": ""12345a9876b4c123"", ""updated_at_ms"": 1673097132390}}","{""feature_setting"": {""value"": ""1"", ""updated_at_ms"": 1672549200}, ""survey_response"": {""value"": ""2"", ""updated_at_ms"": 1599112814785}}",android,prexp5981839,,2023-07-26 17:52:53,holiday_offer,offer_code,2023-10-16 19:06:41,
$RCAnonymousID:1455576384948549,$RCAnonymousID:6497444899467710,DE,from_sdk,rc_subscription_weekly,Annual $99.99,P1M,2023-10-18 03:30:40,2023-07-15 07:04:13,2023-08-03 13:20:41,2023-03-15 22:32:19,app_store,False,False,True,False,1.94,5.92,0.7,0.1146,0.12,711288849101261,570927672237231,2023-09-13 10:04:19,2023-07-06 08:33:59,2023-04-12 11:57:08,USD,9.12,3.57,['full_access'],4,True,Default Offering,FAMILY_SHARED,"{""$ip"": {""value"": ""203.78.120.117"", ""updated_at_ms"": 1672549200}, ""$gpsAdId"": {""value"": ""80480bdc-06e0-11ee-be56-0242ac120002"", ""updated_at_ms"": 1672549200}, ""$androidId"": {""value"": ""12345a9876b4c123"", ""updated_at_ms"": 1673097132390}}","{""feature_setting"": {""value"": ""1"", ""updated_at_ms"": 1672549200}, ""survey_response"": {""value"": ""2"", ""updated_at_ms"": 1599112814785}}",android,,a,2023-08-24 01:53:35,holiday_offer,offer_code,2023-09-27 07:56:44,2023-04-30 05:35:09
$RCAnonymousID:6483162176779171,$RCAnonymousID:3317324669518498,US,estimated,rc_subscription_monthly,Weekly $2.99,P1M,2023-09-08 17:00:59,2023-02-01 08:17:50,,2023-01-05 17:42:23,stripe,True,True,True,True,1.88,4.88,0.7,0.1755,0.17,462599747339648,542923886319085,,2023-04-04 03:56:39,2023-11-26 08:45:14,GBP,6.41,5.8,['full_access'],2,True,Default Offering,PURCHASED,"{""$ip"": {""value"": ""203.78.120.117"", ""updated_at_ms"": 1672549200}, ""$gpsAdId"": {""value"": ""80480bdc-06e0-11ee-be56-0242ac120002"", ""updated_at_ms"": 1672549200}, ""$androidId"": {""value"": ""12345a9876b4c123"", ""updated_at_ms"": 1673097132390}}","{""feature_setting"": {""value"": ""1"", ""updated_at_ms"": 1672549200}, ""survey_response"": {""value"": ""2"", ""updated_at_ms"": 1599112814785}}",ios,,,2023-06-12 07:54:38,,,2023-03-17 08:01:14,
$RCAnonymousID:4129278716958744,$RCAnonymousID:8757972883730448,DE,from_sdk,rc_subscription_annual,Monthly $9.99,P1Y,2023-10-01 12:22:41,2023-09-07 14:42:40,2023-07-22 00:42:37,2023-09-21 16:28:34,play_store,True,True,True,False,4.3,7.63,0.85,0.1898,0.2,700541138949280,209313274059556,2023-12-16 10:29:53,,2023-12-04 10:44:12,EUR,4.4,5.23,"['membership', 'full_access']",3,False,Default Offering,PURCHASED,"{""$ip"": {""value"": ""203.78.120.117"", ""updated_at_ms"": 1672549200}, ""$gpsAdId"": {""value"": ""80480bdc-06e0-11ee-be56-0242ac120002"", ""updated_at_ms"": 1672549200}, ""$androidId"": {""value"": ""12345a9876b4c123"", ""updated_at_ms"": 1673097132390}}","{""feature_setting"": {""value"": ""1"", ""updated_at_ms"": 1672549200}, ""survey_response"": {""value"": ""2"", ""updated_at_ms"": 1599112814785}}",ios,,b,2023-05-16 18:18:55,,,2023-04-15 09:35:21,
$RCAnonymousID:8111283450404775,$RCAnonymousID:5855602889754099,CA,from_sdk,rc_subscription_annual,Annual $99.99,P1W,2023-12-08 16:59:54,2023-05-11 10:41:05,,2023-08-10 09:23:47,app_store,True,False,False,False,6.95,4.08,0.85,0.1153,0.11,215775570256258,439816440487796,2023-12-26 18:13:23,2023-05-06 00:22:07,2023-05-17 11:58:54,GBP,5.34,9.39,['membership'],1,False,Default Offering,PURCHASED,"{""$ip"": {""value"": ""203.78.120.117"", ""updated_at_ms"": 1672549200}, ""$gpsAdId"": {""value"": ""80480bdc-06e0-11ee-be56-0242ac120002"", ""updated_at_ms"": 1672549200}, ""$androidId"": {""value"": ""12345a9876b4c123"", ""updated_at_ms"": 1673097132390}}","{""feature_setting"": {""value"": ""1"", ""updated_at_ms"": 1672549200}, ""survey_response"": {""value"": ""2"", ""updated_at_ms"": 1599112814785}}",android,prexp6115578,,2023-12-17 21:19:30,holiday_offer,offer_code,2023-07-21 05:04:00,
$RCAnonymousID:9432668779270774,$RCAnonymousID:9181829605698993,CA,from_sdk,rc_subscription_annual,Annual $99.99,P1W,2023-10-20 08:24:00,2023-01-27 00:12:14,2023-08-15 16:47:58,2023-05-25 00:05:54,stripe,True,True,False,False,9.1,1.66,0.85,0.1384,0.2,857808026549707,143202600424598,,2023-08-20 16:49:26,,USD,8.1,3.6,"['membership', 'full_access']",1,True,Default Offering,PURCHASED,"{""$ip"": {""value"": ""203.78.120.117"", ""updated_at_ms"": 1672549200}, ""$gpsAdId"": {""value"": ""80480bdc-06e0-11ee-be56-0242ac120002"", ""updated_at_ms"": 1672549200}, ""$androidId"": {""value"": ""12345a9876b4c123"", ""updated_at_ms"": 1673097132390}}","{""feature_setting"": {""value"": ""1"", ""updated_at_ms"": 1672549200}, ""survey_response"": {""value"": ""2"", ""updated_at_ms"": 1599112814785}}",android,prexp6687519,,2023-05-29 04:58:13,,,2023-04-25 17:09:48,
$RCAnonymousID:1381360586824720,$RCAnonymousID:5941736861820243,DE,from_sdk,rc_subscription_annual,Annual $99.99,P1Y,2023-06-13 22:06:11,2023-03-18 02:19:07,,2023-12-14 12:28:57,app_store,True,True,True,False,6.37,7.7,0.85,0.1136,0.15,915683278874562,348785332746760,2023-04-19 21:02:53,2023-10-01 13:52:28,2023-10-10 01:31:17,GBP,9.41,2.54,['full_access'],5,False,Default Offering,PURCHASED,"{""$ip"": {""value"": ""203.78.120.117"", ""updated_at_ms"": 1672549200}, ""$gpsAdId"": {""value"": ""80480bdc-06e0-11ee-be56-0242ac120002"", ""updated_at_ms"": 1672549200}, ""$androidId"": {""value"": ""12345a9876b4c123"", ""updated_at_ms"": 1673097132390}}","{""feature_setting"": {""value"": ""1"", ""updated_at_ms"": 1672549200}, ""survey_response"": {""value"": ""2"", ""updated_at_ms"": 1599112814785}}",ios,prexp8419116,a,2023-02-05 00:04:08,black_friday_discount,,2023-05-10 22:01:30,
$RCAnonymousID:1429303757677709,$RCAnonymousID:9151278675262158,FR,estimated,rc_subscription_annual,Weekly $2.99,P1M,2023-07-23 23:13:04,2023-12-07 12:28:53,,2023-01-10 21:01:49,play_store,True,True,True,False,2.11,4.46,0.7,0.1897,0.18,247334103498886,125782811687971,,2023-11-14 12:01:52,2023-11-25 18:10:09,EUR,3.02,7.21,"['membership', 'full_access']",4,False,Default Offering,PURCHASED,"{""$ip"": {""value"": ""203.78.120.117"", ""updated_at_ms"": 1672549200}, ""$gpsAdId"": {""value"": ""80480bdc-06e0-11ee-be56-0242ac120002"", ""updated_at_ms"": 1672549200}, ""$androidId"": {""value"": ""12345a9876b4c123"", ""updated_at_ms"": 1673097132390}}","{""feature_setting"": {""value"": ""1"", ""updated_at_ms"": 1672549200}, ""survey_response"": {""value"": ""2"", ""updated_at_ms"": 1599112814785}}",android,,,2023-03-25 11:07:59,,offer_code,2023-06-24 18:19:02,
$RCAnonymousID:2591945045296807,$RCAnonymousID:4769872287066905,DE,from_sdk,rc_subscription_weekly,Annual $99.99,P1Y,2023-04-02 11:53:27,2023-04-02 10:52:49,2023-04-23 06:35:27,2023-03-25 02:54:01,play_store,False,True,True,True,6.01,5.3,0.85,0.1484,0.13,980834419510898,740527485957763,,,,USD,6.93,7.07,"['membership', 'full_access']",5,True,Default Offering,PURCHASED,"{""$ip"": {""value"": ""203.78.120.117"", ""updated_at_ms"": 1672549200}, ""$gpsAdId"": {""value"": ""80480bdc-06e0-11ee-be56-0242ac120002"", ""updated_at_ms"": 1672549200}, ""$androidId"": {""value"": ""12345a9876b4c123"", ""updated_at_ms"": 1673097132390}}","{""feature_setting"": {""value"": ""1"", ""updated_at_ms"": 1672549200}, ""survey_response"": {""value"": ""2"", ""updated_at_ms"": 1599112814785}}",android,prexp9027334,b,2023-06-29 11:50:14,black_friday_discount,discount,2023-10-05 00:18:27,
$RCAnonymousID:9134632167041014,$RCAnonymousID:3499782863973644,CA,from_sdk,rc_subscription_monthly,Weekly $2.99,P1W,2023-10-01 22:53:53,2023-06-22 23:02:16,2023-05-18 23:47:37,2023-03-28 11:12:35,app_store,True,True,False,False,4.63,6.23,0.7,0.1446,0.14,903945285693176,234084308856454,,,,EUR,6.63,3.55,['full_access'],2,True,Default Offering,PURCHASED,"{""$ip"": {""value"": ""203.78.120.117"", ""updated_at_ms"": 1672549200}, ""$gpsAdId"": {""value"": ""80480bdc-06e0-11ee-be56-0242ac120002"", ""updated_at_ms"": 1672549200}, ""$androidId"": {""value"": ""12345a9876b4c123"", ""updated_at_ms"": 1673097132390}}","{""feature_setting"": {""value"": ""1"", ""updated_at_ms"": 1672549200}, ""survey_response"": {""value"": ""2"", ""updated_at_ms"": 1599112814785}}",android,,,2023-01-06 07:00:51,,,2023-12-11 17:34:37,
$RCAnonymousID:1318037538065121,$RCAnonymousID:2420070284780697,GB,estimated,rc_subscription_monthly,Monthly $9.99,P1Y,2023-09-25 00:58:03,2023-01-22 06:41:40,,2023-12-01 04:49:06,play_store,False,False,True,True,2.7,8.31,0.85,0.1854,0.17,649932002777786,655961173740265,,,,USD,6.67,6.24,"['membership', 'full_access']",5,True,Default Offering,PURCHASED,"{""$ip"": {""value"": ""203.78.120.117"", ""updated_at_ms"": 1672549200}, ""$gpsAdId"": {""value"": ""80480bdc-06e0-11ee-be56-0242ac120002"", ""updated_at_ms"": 1672549200}, ""$androidId"": {""value"": ""12345a9876b4c123"", ""updated_at_ms"": 1673097132390}}","{""feature_setting"": {""value"": ""1"", ""updated_at_ms"": 1672549200}, ""survey_response"": {""value"": ""2"", ""updated_at_ms"": 1599112814785}}",ios,prexp7087876,b,2023-05-01 05:50:14,holiday_offer,,2023-04-23 05:08:05,
$RCAnonymousID:7108460629732660,$RCAnonymousID:2971473356674294,GB,from_sdk,rc_subscription_weekly,Weekly $2.99,P1M,2023-10-24 02:46:16,2023-08-01 03:24:59,,2023-04-05 06:27:30,play_store,True,True,True,False,6.49,9.21,0.7,0.1666,0.16,194965907242920,709541633796569,2023-08-11 06:10:47,,2023-02-23 10:35:27,USD,8.38,5.04,"['membership', 'full_access']",1,True,Default Offering,PURCHASED,"{""$ip"": {""value"": ""203.78.120.117"", ""updated_at_ms"": 1672549200}, ""$gpsAdId"": {""value"": ""80480bdc-06e0-11ee-be56-0242ac120002"", ""updated_at_ms"": 1672549200}, ""$androidId"": {""value"": ""12345a9876b4c123"", ""updated_at_ms"": 1673097132390}}","{""feature_setting"": {""value"": ""1"", ""updated_at_ms"": 1672549200}, ""survey_response"": {""value"": ""2"", ""updated_at_ms"": 1599112814785}}",android,,,2023-12-21 11:13:15,holiday_offer,,2023-03-10 09:38:58,2023-06-13 22:53:47
$RCAnonymousID:9656642150332768,$RCAnonymousID:1796531981609681,DE,from_sdk,rc_subscription_annual,Monthly $9.99,P1Y,2023-04-01 14:59:01,2023-03-20 17:40:36,,2023-01-30 16:50:36,stripe,False,True,True,False,1.47,9.21,0.7,0.1777,0.14,482981929219968,415175050355615,,2023-07-07 13:10:48,2023-01-25 14:04:14,EUR,4.79,7.73,"['membership', 'full_access']",3,True,Default Offering,FAMILY_SHARED,"{""$ip"": {""value"": ""203.78.120.117"", ""updated_at_ms"": 1672549200}, ""$gpsAdId"": {""value"": ""80480bdc-06e0-11ee-be56-0242ac120002"", ""updated_at_ms"": 1672549200}, ""$androidId"": {""value"": ""12345a9876b4c123"", ""updated_at_ms"": 1673097132390}}","{""feature_setting"": {""value"": ""1"", ""updated_at_ms"": 1672549200}, ""survey_response"": {""value"": ""2"", ""updated_at_ms"": 1599112814785}}",android,,,2023-10-13 11:48:50,holiday_offer,offer_code,2023-05-26 13:51:34,
$RCAnonymousID:9989652566791262,$RCAnonymousID:3408408633522030,US,estimated,rc_subscription_annual,Monthly $9.99,P1Y,2023-10-17 16:18:21,2023-05-31 13:35:03,,2023-04-17 06:16:22,app_store,True,False,False,True,1.91,4.29,0.85,0.1146,0.17,137459763965652,521893916376688,2023-10-08 22:58:28,,2023-10-04 10:27:31,EUR,5.44,7.31,['membership'],2,False,Default Offering,PURCHASED,"{""$ip"": {""value"": ""203.78.120.117"", ""updated_at_ms"": 1672549200}, ""$gpsAdId"": {""value"": ""80480bdc-06e0-11ee-be56-0242ac120002"", ""updated_at_ms"": 1672549200}, ""$androidId"": {""value"": ""12345a9876b4c123"", ""updated_at_ms"": 1673097132390}}","{""feature_setting"": {""value"": ""1"", ""updated_at_ms"": 1672549200}, ""survey_response"": {""value"": ""2"", ""updated_at_ms"": 1599112814785}}",android,,,2023-03-07 22:26:29,,discount,2023-10-18 23:08:10,
$RCAnonymousID:4717021240269434,$RCAnonymousID:6602859823620404,DE,from_sdk,rc_subscription_weekly,Weekly $2.99,P1M,2023-08-30 08:21:35,2023-09-22 13:28:18,2023-10-12 10:13:02,2023-02-01 02:39:08,stripe,False,False,False,True,2.02,7.09,0.85,0.1709,0.17,809463801718960,892067598109151,,2023-03-12 12:25:37,,USD,2.78,9.49,['membership'],5,True,Default Offering,PURCHASED,"{""$ip"": {""value"": ""203.78.120.117"", ""updated_at_ms"": 1672549200}, ""$gpsAdId"": {""value"": ""80480bdc-06e0-11ee-be56-0242ac120002"", ""updated_at_ms"": 1672549200}, ""$androidId"": {""value"": ""12345a9876b4c123"", ""updated_at_ms"": 1673097132390}}","{""feature_setting"": {""value"": ""1"", ""updated_at_ms"": 1672549200}, ""survey_response"": {""value"": ""2"", ""updated_at_ms"": 1599112814785}}",ios,,,2023-11-28 21:12:28,,discount,2023-02-03 22:28:29,2023-12-31 02:07:45
$RCAnonymousID:5434616974272596,$RCAnonymousID:5588808444691562,DE,from_sdk,rc_subscription_monthly,Monthly $9.99,P1M,2023-11-03 22:32:51,2023-05-31 02:57:12,,2023-01-26 13:30:11,stripe,True,False,True,False,5.0,1.91,0.85,0.1344,0.13,323397062689427,751562490087621,2023-01-28 08:09:19,,,USD,1.02,6.55,"['membership', 'full_access']",3,True,Default Offering,PURCHASED,"{""$ip"": {""value"": ""203.78.120.117"", ""updated_at_ms"": 1672549200}, ""$gpsAdId"": {""value"": ""80480bdc-06e0-11ee-be56-0242ac120002"", ""updated_at_ms"": 1672549200}, ""$androidId"": {""value"": ""12345a9876b4c123"", ""updated_at_ms"": 1673097132390}}","{""feature_setting"": {""value"": ""1"", ""updated_at_ms"": 1672549200}, ""survey_response"": {""value"": ""2"", ""updated_at_ms"": 1599112814785}}",android,,b,2023-01-19 04:20:27,,discount,2023-12-10 10:22:56,
$RCAnonymousID:5144748491349097,$RCAnonymousID:6481276979672243,FR,from_sdk,rc_subscription_annual,Monthly $9.99,P1M,2023-02-09 01:43:56,2023-06-06 01:43:53,2023-05-08 16:40:46,2023-04-27 05:38:23,app_store,False,True,True,False,1.44,4.76,0.7,0.1795,0.16,439078994192494,387062903148360,,,2023-08-15 03:51:48,USD,2.99,9.36,['membership'],4,True,Default Offering,PURCHASED,"{""$ip"": {""value"": ""203.78.120.117"", ""updated_at_ms"": 1672549200}, ""$gpsAdId"": {""value"": ""80480bdc-06e0-11ee-be56-0242ac120002"", ""updated_at_ms"": 1672549200}, ""$androidId"": {""value"": ""12345a9876b4c123"", ""updated_at_ms"": 1673097132390}}","{""feature_setting"": {""value"": ""1"", ""updated_at_ms"": 1672549200}, ""survey_response"": {""value"": ""2"", ""updated_at_ms"": 1599112814785}}",ios,,a,2023-12-23 01:16:33,,,2023-09-13 19:05:48,
$RCAnonymousID:2931666024839856,$RCAnonymousID:5495254249679602,DE,estimated,rc_subscription_monthly,Annual $99.99,P1M,2023-09-28 20:37:27,2023-07-14 10:46:13,,2023-11-16 07:10:28,app_store,False,False,False,False,4.96,9.15,0.85,0.1623,0.19,781058833044550,210900060285439,2023-09-25 06:07:36,,,EUR,2.8,2.12,['full_access'],5,False,Default Offering,PURCHASED,"{""$ip"": {""value"": ""203.78.120.117"", ""updated_at_ms"": 1672549200}, ""$gpsAdId"": {""value"": ""80480bdc-06e0-11ee-be56-0242ac120002"", ""updated_at_ms"": 1672549200}, ""$androidId"": {""value"": ""12345a9876b4c123"", ""updated_at_ms"": 1673097132390}}","{""feature_setting"": {""value"": ""1"", ""updated_at_ms"": 1672549200}, ""survey_response"": {""value"": ""2"", ""updated_at_ms"": 1599112814785}}",ios,prexp1909480,a,2023-07-18 00:41:04,holiday_offer,,2023-12-26 08:25:56,
$RCAnonymousID:3771099528190088,$RCAnonymousID:1919821599815313,FR,estimated,rc_subscription_annual,Annual $99.99,P1M,2023-01-29 03:50:43,2023-12-19 14:56:08,2023-05-06 22:36:15,2023-10-07 05:25:36,play_store,False,True,True,False,9.04,9.44,0.7,0.1586,0.14,472015536546667,131314200586251,2023-03-13 12:24:22,,,GBP,6.13,1.11,"['membership', 'full_access']",2,True,Default Offering,PURCHASED,"{""$ip"": {""value"": ""203.78.120.117"", ""updated_at_ms"": 1672549200}, ""$gpsAdId"": {""value"": ""80480bdc-06e0-11ee-be56-0242ac120002"", ""updated_at_ms"": 1672549200}, ""$androidId"": {""value"": ""12345a9876b4c123"", ""updated_at_ms"": 1673097132390}}","{""feature_setting"": {""value"": ""1"", ""updated_at_ms"": 1672549200}, ""survey_response"": {""value"": ""2"", ""updated_at_ms"": 1599112814785}}",ios,,a,2023-08-02 07:14:28,,,2023-12-13 12:12:00,2023-06-25 09:04:26
$RCAnonymousID:6946539236507802,$RCAnonymousID:5514804707886061,GB,estimated,rc_subscription_weekly,Weekly $2.99,P1M,2023-05-22 17:16:22,2023-11-29 21:44:44,,2023-01-02 16:28:12,app_store,False,False,False,True,1.4,9.65,0.85,0.1426,0.12,399706535624806,842620613967044,,,,GBP,2.7,4.87,['membership'],3,True,Default Offering,FAMILY_SHARED,"{""$ip"": {""value"": ""203.78.120.117"", ""updated_at_ms"": 1672549200}, ""$gpsAdId"": {""value"": ""80480bdc-06e0-11ee-be56-0242ac120002"", ""updated_at_ms"": 1672549200}, ""$androidId"": {""value"": ""12345a9876b4c123"", ""updated_at_ms"": 1673097132390}}","{""feature_setting"": {""value"": ""1"", ""updated_at_ms"": 1672549200}, ""survey_response"": {""value"": ""2"", ""updated_at_ms"": 1599112814785}}",ios,prexp2894287,,2023-05-13 02:04:32,holiday_offer,,2023-03-03 03:32:24,
$RCAnonymousID:2441746291476222,$RCAnonymousID:9612020424158469,FR,estimated,rc_subscription_annual,Monthly $9.99,P1Y,2023-09-17 05:56:23,2023-08-28 16:41:21,,2023-04-17 04:07:36,app_store,False,True,False,True,9.99,7.86,0.7,0.1938,0.12,394461428099489,129833911025014,,,,EUR,7.17,1.51,"['membership', 'full_access']",1,True,Default Offering,PURCHASED,"{""$ip"": {""value"": ""203.78.120.117"", ""updated_at_ms"": 1672549200}, ""$gpsAdId"": {""value"": ""80480bdc-06e0-11ee-be56-0242ac120002"", ""updated_at_ms"": 1672549200}, ""$androidId"": {""value"": ""12345a9876b4c123"", ""updated_at_ms"": 1673097132390}}","{""feature_setting"": {""value"": ""1"", ""updated_at_ms"": 1672549200}, ""survey_response"": {""value"": ""2"", ""updated_at_ms"": 1599112814785}}",ios,,,2023-09-04 11:01:04,,discount,2023-09-25 04:05:22,
$RCAnonymousID:3882041675498388,$RCAnonymousID:4231590366522685,CA,estimated,rc_subscription_weekly,Annual $99.99,P1M,2023-12-06 01:24:52,2023-04-27 17:02:19,2023-06-19 20:48:46,2023-03-24 11:27:20,play_store,False,False,False,True,8.89,8.87,0.7,0.1164,0.16,146762627316563,414963995545824,,2023-03-31 17:12:08,,USD,7.53,7.22,['membership'],3,True,Default Offering,PURCHASED,"{""$ip"": {""value"": ""203.78.120.117"", ""updated_at_ms"": 1672549200}, ""$gpsAdId"": {""value"": ""80480bdc-06e0-11ee-be56-0242ac120002"", ""updated_at_ms"": 1672549200}, ""$androidId"": {""value"": ""12345a9876b4c123"", ""updated_at_ms"": 1673097132390}}","{""feature_setting"": {""value"": ""1"", ""updated_at_ms"": 1672549200}, ""survey_response"": {""value"": ""2"", ""updated_at_ms"": 1599112814785}}",ios,prexp1640520,,2023-08-15 03:58:17,holiday_offer,discount,2023-07-23 04:24:42,
$RCAnonymousID:3912166054060123,$RCAnonymousID:5842448084177504,US,estimated,rc_subscription_monthly,Annual $99.99,P1Y,2023-07-25 06:27:48,2023-09-27 10:04:47,,2023-11-10 03:53:41,app_store,True,True,True,False,2.88,7.09,0.85,0.1436,0.16,508187556046126,967968923307289,2023-02-19 12:58:06,,,USD,5.6,6.47,['full_access'],4,True,Default Offering,PURCHASED,"{""$ip"": {""value"": ""203.78.120.117"", ""updated_at_ms"": 1672549200}, ""$gpsAdId"": {""value"": ""80480bdc-06e0-11ee-be56-0242ac120002"", ""updated_at_ms"": 1672549200}, ""$androidId"": {""value"": ""12345a9876b4c123"", ""updated_at_ms"": 1673097132390}}","{""feature_setting"": {""value"": ""1"", ""updated_at_ms"": 1672549200}, ""survey_response"": {""value"": ""2"", ""updated_at_ms"": 1599112814785}}",ios,prexp8917894,,2023-09-05 01:29:13,,,2023-04-28 22:30:36,
$RCAnonymousID:9478002093334772,$RCAnonymousID:2537835716324005,FR,estimated,rc_subscription_annual,Annual $99.99,P1W,2023-03-21 23:44:23,2023-01-04 23:01:17,2023-04-19 11:37:28,2023-09-04 21:26:57,app_store,True,False,True,False,8.02,6.62,0.85,0.136,0.18,809577067946963,958391953865629,,2023-08-26 15:44:36,,EUR,5.19,5.6,['full_access'],5,False,Default Offering,PURCHASED,"{""$ip"": {""value"": ""203.78.120.117"", ""updated_at_ms"": 1672549200}, ""$gpsAdId"": {""value"": ""80480bdc-06e0-11ee-be56-0242ac120002"", ""updated_at_ms"": 1672549200}, ""$androidId"": {""value"": ""12345a9876b4c123"", ""updated_at_ms"": 1673097132390}}","{""feature_setting"": {""value"": ""1"", ""updated_at_ms"": 1672549200}, ""survey_response"": {""value"": ""2"", ""updated_at_ms"": 1599112814785}}",android,prexp6338955,a,2023-08-30 01:23:34,,discount,2023-07-08 14:26:09,
$RCAnonymousID:1521085930223413,$RCAnonymousID:3922634140729627,US,from_sdk,rc_subscription_monthly,Monthly $9.99,P1M,2023-01-20 20:14:43,2023-10-13 00:10:43,,2023-02-09 11:15:48,play_store,True,True,False,True,7.68,7.15,0.7,0.1537,0.16,216767037033115,116220525208346,2023-04-03 03:45:24,2023-10-03 06:07:24,,USD,3.19,4.96,"['membership', 'full_access']",2,True,Default Offering,PURCHASED,"{""$ip"": {""value"": ""203.78.120.117"", ""updated_at_ms"": 1672549200}, ""$gpsAdId"": {""value"": ""80480bdc-06e0-11ee-be56-0242ac120002"", ""updated_at_ms"": 1672549200}, ""$androidId"": {""value"": ""12345a9876b4c123"", ""updated_at_ms"": 1673097132390}}","{""feature_setting"": {""value"": ""1"", ""updated_at_ms"": 1672549200}, ""survey_response"": {""value"": ""2"", ""updated_at_ms"": 1599112814785}}",ios,prexp4738604,b,2023-09-01 06:50:13,,offer_code,2023-12-01 09:33:20,
$RCAnonymousID:2391707317981818,$RCAnonymousID:1345782040701944,US,estimated,rc_subscription_annual,Monthly $9.99,P1W,2023-06-30 18:42:10,2023-09-12 01:46:31,2023-07-03 05:43:04,2023-10-11 12:52:52,app_store,False,False,False,False,7.87,2.54,0.85,0.1622,0.11,990874277856898,645922886180916,2023-07-31 01:18:38,2023-05-19 16:07:25,2023-05-29 16:35:48,USD,7.0,7.47,['full_access'],2,False,Default Offering,PURCHASED,"{""$ip"": {""value"": ""203.78.120.117"", ""updated_at_ms"": 1672549200}, ""$gpsAdId"": {""value"": ""80480bdc-06e0-11ee-be56-0242ac120002"", ""updated_at_ms"": 1672549200}, ""$androidId"": {""value"": ""12345a9876b4c123"", ""updated_at_ms"": 1673097132390}}","{""feature_setting"": {""value"": ""1"", ""updated_at_ms"": 1672549200}, ""survey_response"": {""value"": ""2"", ""updated_at_ms"": 1599112814785}}",android,,b,2023-08-27 15:53:42,holiday_offer,,2023-12-07 06:27:26,
$RCAnonymousID:9981003904229622,$RCAnonymousID:8608154654851011,GB,estimated,rc_subscription_weekly,Monthly $9.99,P1Y,2023-04-16 16:18:20,2023-10-08 12:13:53,2023-02-09 13:27:17,2023-10-04 12:01:18,stripe,True,True,False,False,9.53,1.32,0.85,0.1484,0.16,962833425248461,365494752758335,2023-01-11 04:08:38,,2023-07-01 10:11:07,USD,8.52,2.73,"['membership', 'full_access']",3,True,Default Offering,FAMILY_SHARED,"{""$ip"": {""value"": ""203.78.120.117"", ""updated_at_ms"": 1672549200}, ""$gpsAdId"": {""value"": ""80480bdc-06e0-11ee-be56-0242ac120002"", ""updated_at_ms"": 1672549200}, ""$androidId"": {""value"": ""12345a9876b4c123"", ""updated_at_ms"": 1673097132390}}","{""feature_setting"": {""value"": ""1"", ""updated_at_ms"": 1672549200}, ""survey_response"": {""value"": ""2"", ""updated_at_ms"": 1599112814785}}",android,prexp1428615,,2023-08-17 12:24:32,black_friday_discount,,2023-11-11 15:54:09,2023-01-02 23:37:07
$RCAnonymousID:4230707094782913,$RCAnonymousID:9858200926409963,FR,estimated,rc_subscription_monthly,Weekly $2.99,P1W,2023-10-25 01:08:11,2023-02-14 02:03:03,,2023-09-14 07:50:39,app_store,True,False,True,False,1.85,2.07,0.85,0.1741,0.19,989923059114301,332996136215369,2023-08-22 12:35:42,2023-10-31 07:06:37,2023-12-29 12:30:54,USD,1.91,8.29,['membership'],1,False,Default Offering,FAMILY_SHARED,"{""$ip"": {""value"": ""203.78.120.117"", ""updated_at_ms"": 1672549200}, ""$gpsAdId"": {""value"": ""80480bdc-06e0-11ee-be56-0242ac120002"", ""updated_at_ms"": 1672549200}, ""$androidId"": {""value"": ""12345a9876b4c123"", ""updated_at_ms"": 1673097132390}}","{""feature_setting"": {""value"": ""1"", ""updated_at_ms"": 1672549200}, ""survey_response"": {""value"": ""2"", ""updated_at_ms"": 1599112814785}}",ios,,,2023-06-18 17:56:21,,offer_code,2023-10-25 14:45:18,2023-04-04 02:43:59
$RCAnonymousID:6923619495267560,$RCAnonymousID:7434995934856218,FR,estimated,rc_subscription_monthly,Weekly $2.99,P1Y,2023-09-16 10:58:33,2023-07-15 07:13:20,2023-08-03 16:38:50,2023-12-31 04:21:26,stripe,False,False,False,False,5.74,7.24,0.7,0.1615,0.13,675045443845925,529450418535862,2023-04-06 23:00:58,2023-12-02 17:16:48,2023-09-22 17:07:40,GBP,1.35,2.19,['full_access'],4,True,Default Offering,PURCHASED,"{""$ip"": {""value"": ""203.78.120.117"", ""updated_at_ms"": 1672549200}, ""$gpsAdId"": {""value"": ""80480bdc-06e0-11ee-be56-0242ac120002"", ""updated_at_ms"": 1672549200}, ""$androidId"": {""value"": ""12345a9876b4c123"", ""updated_at_ms"": 1673097132390}}","{""feature_setting"": {""value"": ""1"", ""updated_at_ms"": 1672549200}, ""survey_response"": {""value"": ""2"", ""updated_at_ms"": 1599112814785}}",ios,prexp4950857,,2023-03-22 22:41:58,,offer_code,2023-11-06 05:07:50,
$RCAnonymousID:8423270770708590,$RCAnonymousID:2331661351211920,CA,estimated,rc_subscription_weekly,Weekly $2.99,P1W,2023-12-23 09:00:43,2023-08-21 18:36:00,,2023-10-14 19:44:18,app_store,True,False,False,True,7.38,1.62,0.7,0.1523,0.19,173330825553339,910018511549921,2023-01-06 02:29:13,2023-02-19 08:03:28,,EUR,8.73,3.44,['membership'],2,True,Default Offering,FAMILY_SHARED,"{""$ip"": {""value"": ""203.78.120.117"", ""updated_at_ms"": 1672549200}, ""$gpsAdId"": {""value"": ""80480bdc-06e0-11ee-be56-0242ac120002"", ""updated_at_ms"": 1672549200}, ""$androidId"": {""value"": ""12345a9876b4c123"", ""updated_at_ms"": 1673097132390}}","{""feature_setting"": {""value"": ""1"", ""updated_at_ms"": 1672549200}, ""survey_response"": {""value"": ""2"", ""updated_at_ms"": 1599112814785}}",ios,prexp2148931,,2023-03-04 13:14:44,,discount,2023-09-30 18:00:58,2023-10-10 04:15:13
$RCAnonymousID:2814194114482331,$RCAnonymousID:9959353622721743,GB,from_sdk,rc_subscription_weekly,Weekly $2.99,P1W,2023-09-06 17:44:21,2023-06-13 14:56:10,,2023-07-25 05:21:35,play_store,True,True,False,False,9.91,4.02,0.85,0.1736,0.12,115035142169772,813681939867102,,,,GBP,4.44,7.63,['full_access'],4,True,Default Offering,PURCHASED,"{""$ip"": {""value"": ""203.78.120.117"", ""updated_at_ms"": 1672549200}, ""$gpsAdId"": {""value"": ""80480bdc-06e0-11ee-be56-0242ac120002"", ""updated_at_ms"": 1672549200}, ""$androidId"": {""value"": ""12345a9876b4c123"", ""updated_at_ms"": 1673097132390}}","{""feature_setting"": {""value"": ""1"", ""updated_at_ms"": 1672549200}, ""survey_response"": {""value"": ""2"", ""updated_at_ms"": 1599112814785}}",android,,,2023-07-07 13:00:06,,,2023-08-05 11:16:19,
$RCAnonymousID:2390983039147185,$RCAnonymousID:9121754407462885,DE,from_sdk,rc_subscription_annual,Weekly $2.99,P1W,2023-09-23 12:52:17,2023-02-02 02:26:49,,2023-11-07 07:38:44,play_store,False,False,False,True,2.14,6.55,0.7,0.1605,0.14,748566437344908,896503364184298,,2023-03-26 22:53:29,2023-12-18 05:06:58,USD,1.37,8.93,"['membership', 'full_access']",2,False,Default Offering,PURCHASED,"{""$ip"": {""value"": ""203.78.120.117"", ""updated_at_ms"": 1672549200}, ""$gpsAdId"": {""value"": ""80480bdc-06e0-11ee-be56-0242ac120002"", ""updated_at_ms"": 1672549200}, ""$androidId"": {""value"": ""12345a9876b4c123"", ""updated_at_ms"": 1673097132390}}","{""feature_setting"": {""value"": ""1"", ""updated_at_ms"": 1672549200}, ""survey_response"": {""value"": ""2"", ""updated_at_ms"": 1599112814785}}",ios,prexp2319942,,2023-08-29 12:08:21,,offer_code,2023-09-17 14:12:11,
$RCAnonymousID:5903803941184118,$RCAnonymousID:6057986678424530,GB,from_sdk,rc_subscription_monthly,Annual $99.99,P1M,2023-12-01 22:09:57,2023-02-18 12:47:28,2023-04-05 05:39:58,2023-12-07 17:33:56,app_store,True,False,False,False,9.71,2.81,0.7,0.112,0.1,223671196348553,753889053077960,2023-11-03 08:24:01,2023-10-13 04:40:14,,USD,6.3,9.61,['full_access'],4,True,Default Offering,PURCHASED,"{""$ip"": {""value"": ""203.78.120.117"", ""updated_at_ms"": 1672549200}, ""$gpsAdId"": {""value"": ""80480bdc-06e0-11ee-be56-0242ac120002"", ""updated_at_ms"": 1672549200}, ""$androidId"": {""value"": ""12345a9876b4c123"", ""updated_at_ms"": 1673097132390}}","{""feature_setting"": {""value"": ""1"", ""updated_at_ms"": 1672549200}, ""survey_response"": {""value"": ""2"", ""updated_at_ms"": 1599112814785}}",ios,prexp1954463,a,2023-01-06 09:23:54,,,2023-05-05 12:19:49,
$RCAnonymousID:9423044465115126,$RCAnonymousID:6625521773276798,US,estimated,rc_subscription_monthly,Monthly $9.99,P1Y,2023-07-05 14:38:53,2023-05-30 23:30:54,2023-05-01 14:50:43,2023-09-23 18:39:29,app_store,True,False,False,False,1.83,5.04,0.85,0.1433,0.12,903460899030713,226974042175063,2023-01-11 22:09:17,2023-04-04 13:34:47,,USD,8.39,3.31,['full_access'],2,False,Default Offering,PURCHASED,"{""$ip"": {""value"": ""203.78.120.117"", ""updated_at_ms"": 1672549200}, ""$gpsAdId"": {""value"": ""80480bdc-06e0-11ee-be56-0242ac120002"", ""updated_at_ms"": 1672549200}, ""$androidId"": {""value"": ""12345a9876b4c123"", ""updated_at_ms"": 1673097132390}}","{""feature_setting"": {""value"": ""1"", ""updated_at_ms"": 1672549200}, ""survey_response"": {""value"": ""2"", ""updated_at_ms"": 1599112814785}}",ios,prexp7712362,a,2023-01-29 16:12:54,holiday_offer,,2023-09-21 04:22:10,
$RCAnonymousID:9765978015615524,$RCAnonymousID:9356046869995562,GB,from_sdk,rc_subscription_weekly,Weekly $2.99,P1Y,2023-08-16 14:03:15,2023-01-22 15:16:08,2023-01-19 01:13:26,2023-12-30 04:03:20,app_store,False,False,True,True,6.15,1.81,0.85,0.1949,0.17,396278133661366,787594533714901,,2023-06-03 17:27:08,,GBP,9.5,2.2,"['membership', 'full_access']",2,True,Default Offering,PURCHASED,"{""$ip"": {""value"": ""203.78.120.117"", ""updated_at_ms"": 1672549200}, ""$gpsAdId"": {""value"": ""80480bdc-06e0-11ee-be56-0242ac120002"", ""updated_at_ms"": 1672549200}, ""$androidId"": {""value"": ""12345a9876b4c123"", ""updated_at_ms"": 1673097132390}}","{""feature_setting"": {""value"": ""1"", ""updated_at_ms"": 1672549200}, ""survey_response"": {""value"": ""2"", ""updated_at_ms"": 1599112814785}}",android,,,2023-03-04 17:18:37,,discount,2023-03-17 20:51:15,2023-01-26 01:22:19
$RCAnonymousID:8306557552614453,$RCAnonymousID:8923135414293681,US,from_sdk,rc_subscription_weekly,Weekly $2.99,P1Y,2023-05-08 01:30:53,2023-12-23 17:26:57,2023-09-25 04:08:26,2023-08-20 07:16:17,stripe,False,True,False,False,9.05,9.59,0.85,0.1429,0.18,978053616260175,123523072274093,,2023-04-26 14:25:14,2023-11-24 10:49:08,GBP,7.58,8.86,['full_access'],4,True,Default Offering,PURCHASED,"{""$ip"": {""value"": ""203.78.120.117"", ""updated_at_ms"": 1672549200}, ""$gpsAdId"": {""value"": ""80480bdc-06e0-11ee-be56-0242ac120002"", ""updated_at_ms"": 1672549200}, ""$androidId"": {""value"": ""12345a9876b4c123"", ""updated_at_ms"": 1673097132390}}","{""feature_setting"": {""value"": ""1"", ""updated_at_ms"": 1672549200}, ""survey_response"": {""value"": ""2"", ""updated_at_ms"": 1599112814785}}",ios,prexp6103154,b,2023-08-22 01:00:05,black_friday_discount,,2023-03-31 20:08:52,
$RCAnonymousID:6741247977561231,$RCAnonymousID:4521788706173627,GB,estimated,rc_subscription_monthly,Annual $99.99,P1Y,2023-06-06 05:53:05,2023-03-22 20:29:14,2023-08-04 02:05:12,2023-10-31 15:28:03,play_store,True,True,False,False,2.02,5.71,0.85,0.1039,0.17,389537024851425,429191491521268,,,2023-05-31 00:36:23,GBP,3.6,7.86,"['membership', 'full_access']",1,False,Default Offering,PURCHASED,"{""$ip"": {""value"": ""203.78.120.117"", ""updated_at_ms"": 1672549200}, ""$gpsAdId"": {""value"": ""80480bdc-06e0-11ee-be56-0242ac120002"", ""updated_at_ms"": 1672549200}, ""$androidId"": {""value"": ""12345a9876b4c123"", ""updated_at_ms"": 1673097132390}}","{""feature_setting"": {""value"": ""1"", ""updated_at_ms"": 1672549200}, ""survey_response"": {""value"": ""2"", ""updated_at_ms"": 1599112814785}}",ios,prexp9072286,,2023-12-22 17:41:43,,offer_code,2023-09-21 02:57:48,
$RCAnonymousID:3649507184354967,$RCAnonymousID:7749763428321960,US,estimated,rc_subscription_weekly,Monthly $9.99,P1Y,2023-06-15 04:48:15,2023-03-26 20:12:00,2023-11-06 11:03:04,2023-01-30 21:25:44,play_store,False,True,True,True,9.93,5.53,0.85,0.1303,0.13,509580088575827,397488105344887,2023-05-04 02:02:29,2023-02-13 14:26:44,2023-04-28 02:54:19,EUR,3.15,5.39,['full_access'],3,True,Default Offering,PURCHASED,"{""$ip"": {""value"": ""203.78.120.117"", ""updated_at_ms"": 1672549200}, ""$gpsAdId"": {""value"": ""80480bdc-06e0-11ee-be56-0242ac120002"", ""updated_at_ms"": 1672549200}, ""$androidId"": {""value"": ""12345a9876b4c123"", ""updated_at_ms"": 1673097132390}}","{""feature_setting"": {""value"": ""1"", ""updated_at_ms"": 1672549200}, ""survey_response"": {""value"": ""2"", ""updated_at_ms"": 1599112814785}}",ios,,,2023-10-18 22:09:56,holiday_offer,offer_code,2023-10-17 20:22:20,
$RCAnonymousID:8194125030567141,$RCAnonymousID:2546985022742435,DE,from_sdk,rc_subscription_weekly,Monthly $9.99,P1W,2023-12-22 01:27:03,2023-06-29 06:27:48,,2023-06-27 02:30:38,app_store,False,False,False,True,4.06,1.06,0.85,0.1709,0.13,705275664241144,882103977369265,2023-03-14 02:32:15,2023-03-29 06:27:59,2023-03-18 19:37:45,GBP,7.61,7.69,['membership'],2,False,Default Offering,FAMILY_SHARED,"{""$ip"": {""value"": ""203.78.120.117"", ""updated_at_ms"": 1672549200}, ""$gpsAdId"": {""value"": ""80480bdc-06e0-11ee-be56-0242ac120002"", ""updated_at_ms"": 1672549200}, ""$androidId"": {""value"": ""12345a9876b4c123"", ""updated_at_ms"": 1673097132390}}","{""feature_setting"": {""value"": ""1"", ""updated_at_ms"": 1672549200}, ""survey_response"": {""value"": ""2"", ""updated_at_ms"": 1599112814785}}",android,prexp6426751,a,2023-05-21 23:05:21,,discount,2023-12-27 00:57:57,
$RCAnonymousID:6994257018564951,$RCAnonymousID:9942504458307098,FR,estimated,rc_subscription_monthly,Annual $99.99,P1M,2023-08-15 06:48:32,2023-10-12 20:49:22,,2023-04-10 20:45:42,play_store,False,True,False,True,2.44,2.05,0.85,0.174,0.17,414618851801778,867181133563401,2023-06-20 01:30:17,2023-05-18 20:01:13,2023-08-10 20:46:24,GBP,1.1,1.63,"['membership', 'full_access']",4,False,Default Offering,FAMILY_SHARED,"{""$ip"": {""value"": ""203.78.120.117"", ""updated_at_ms"": 1672549200}, ""$gpsAdId"": {""value"": ""80480bdc-06e0-11ee-be56-0242ac120002"", ""updated_at_ms"": 1672549200}, ""$androidId"": {""value"": ""12345a9876b4c123"", ""updated_at_ms"": 1673097132390}}","{""feature_setting"": {""value"": ""1"", ""updated_at_ms"": 1672549200}, ""survey_response"": {""value"": ""2"", ""updated_at_ms"": 1599112814785}}",ios,,b,2023-02-26 09:53:55,,offer_code,2023-06-17 06:46:29,
$RCAnonymousID:3996759171028001,$RCAnonymousID:8991929376253659,CA,from_sdk,rc_subscription_annual,Weekly $2.99,P1W,2023-09-18 08:11:24,2023-01-08 04:50:00,2023-02-20 09:39:49,2023-06-17 05:40:41,app_store,True,True,True,False,6.36,1.1,0.7,0.1614,0.16,517709339556440,939990106168401,,,2023-12-16 12:22:30,EUR,9.85,1.39,"['membership', 'full_access']",4,True,Default Offering,PURCHASED,"{""$ip"": {""value"": ""203.78.120.117"", ""updated_at_ms"": 1672549200}, ""$gpsAdId"": {""value"": ""80480bdc-06e0-11ee-be56-0242ac120002"", ""updated_at_ms"": 1672549200}, ""$androidId"": {""value"": ""12345a9876b4c123"", ""updated_at_ms"": 1673097132390}}","{""feature_setting"": {""value"": ""1"", ""updated_at_ms"": 1672549200}, ""survey_response"": {""value"": ""2"", ""updated_at_ms"": 1599112814785}}",ios,,,2023-07-21 20:57:56,black_friday_discount,offer_code,2023-04-20 05:37:32,
$RCAnonymousID:8544553698254531,$RCAnonymousID:8686475080695226,DE,from_sdk,rc_subscription_annual,Weekly $2.99,P1M,2023-07-14 06:15:53,2023-12-21 13:23:24,,2023-04-22 15:34:56,play_store,True,False,False,True,7.81,9.67,0.85,0.1766,0.13,903908962815600,855765166755061,,2023-06-02 15:47:02,,GBP,9.33,4.49,['membership'],3,True,Default Offering,PURCHASED,"{""$ip"": {""value"": ""203.78.120.117"", ""updated_at_ms"": 1672549200}, ""$gpsAdId"": {""value"": ""80480bdc-06e0-11ee-be56-0242ac120002"", ""updated_at_ms"": 1672549200}, ""$androidId"": {""value"": ""12345a9876b4c123"", ""updated_at_ms"": 1673097132390}}","{""feature_setting"": {""value"": ""1"", ""updated_at_ms"": 1672549200}, ""survey_response"": {""value"": ""2"", ""updated_at_ms"": 1599112814785}}",ios,prexp8619062,a,2023-10-05 09:22:15,,,2023-02-10 16:04:44,
$RCAnonymousID:6440129986856323,$RCAnonymousID:1992050182875252,CA,estimated,rc_subscription_monthly,Weekly $2.99,P1Y,2023-10-09 20:10:13,2023-05-17 11:23:56,2023-10-16 13:01:40,2023-08-23 08:53:31,stripe,False,False,False,True,1.94,5.93,0.7,0.1363,0.14,248527463045630,658034132046786,2023-09-07 05:07:43,,2023-12-23 04:10:25,GBP,4.88,4.04,['membership'],1,True,Default Offering,PURCHASED,"{""$ip"": {""value"": ""203.78.120.117"", ""updated_at_ms"": 1672549200}, ""$gpsAdId"": {""value"": ""80480bdc-06e0-11ee-be56-0242ac120002"", ""updated_at_ms"": 1672549200}, ""$androidId"": {""value"": ""12345a9876b4c123"", ""updated_at_ms"": 1673097132390}}","{""feature_setting"": {""value"": ""1"", ""updated_at_ms"": 1672549200}, ""survey_response"": {""value"": ""2"", ""updated_at_ms"": 1599112814785}}",ios,,a,2023-12-19 23:07:38,,,2023-01-03 04:08:22,
$RCAnonymousID:1035137182679974,$RCAnonymousID:7156062942933410,CA,from_sdk,rc_subscription_weekly,Annual $99.99,P1M,2023-06-07 04:18:17,2023-12-23 10:29:08,2023-12-21 17:10:13,2023-01-11 23:49:49,stripe,True,True,True,False,8.63,8.41,0.7,0.1053,0.16,267444904438972,571839852397700,,,2023-04-19 23:54:08,GBP,7.63,8.88,"['membership', 'full_access']",2,False,Default Offering,PURCHASED,"{""$ip"": {""value"": ""203.78.120.117"", ""updated_at_ms"": 1672549200}, ""$gpsAdId"": {""value"": ""80480bdc-06e0-11ee-be56-0242ac120002"", ""updated_at_ms"": 1672549200}, ""$androidId"": {""value"": ""12345a9876b4c123"", ""updated_at_ms"": 1673097132390}}","{""feature_setting"": {""value"": ""1"", ""updated_at_ms"": 1672549200}, ""survey_response"": {""value"": ""2"", ""updated_at_ms"": 1599112814785}}",android,,,2023-06-28 13:37:13,black_friday_discount,discount,2023-04-14 12:57:22,
$RCAnonymousID:4428985241216313,$RCAnonymousID:9758101880690240,US,from_sdk,rc_subscription_monthly,Monthly $9.99,P1W,2023-03-27 22:28:00,2023-05-01 10:40:38,2023-11-30 19:06:03,2023-06-14 13:42:23,play_store,False,False,False,True,9.12,6.68,0.85,0.1574,0.15,519634147399315,692579359999579,,2023-04-19 01:26:31,2023-12-16 05:37:54,USD,6.57,8.86,['membership'],3,True,Default Offering,PURCHASED,"{""$ip"": {""value"": ""203.78.120.117"", ""updated_at_ms"": 1672549200}, ""$gpsAdId"": {""value"": ""80480bdc-06e0-11ee-be56-0242ac120002"", ""updated_at_ms"": 1672549200}, ""$androidId"": {""value"": ""12345a9876b4c123"", ""updated_at_ms"": 1673097132390}}","{""feature_setting"": {""value"": ""1"", ""updated_at_ms"": 1672549200}, ""survey_response"": {""value"": ""2"", ""updated_at_ms"": 1599112814785}}",ios,,,2023-10-11 14:33:01,holiday_offer,,2023-06-07 04:40:33,
$RCAnonymousID:9279730757840641,$RCAnonymousID:5210581019735863,CA,from_sdk,rc_subscription_weekly,Annual $99.99,P1W,2023-09-30 23:50:12,2023-03-25 16:25:57,2023-10-03 09:47:13,2023-11-05 07:55:13,app_store,True,True,False,False,1.85,4.14,0.85,0.1801,0.19,340753682546147,436327780594628,,,2023-11-30 11:20:00,USD,6.13,1.39,"['membership', 'full_access']",3,True,Default Offering,PURCHASED,"{""$ip"": {""value"": ""203.78.120.117"", ""updated_at_ms"": 1672549200}, ""$gpsAdId"": {""value"": ""80480bdc-06e0-11ee-be56-0242ac120002"", ""updated_at_ms"": 1672549200}, ""$androidId"": {""value"": ""12345a9876b4c123"", ""updated_at_ms"": 1673097132390}}","{""feature_setting"": {""value"": ""1"", ""updated_at_ms"": 1672549200}, ""survey_response"": {""value"": ""2"", ""updated_at_ms"": 1599112814785}}",android,,,2023-03-03 06:15:54,black_friday_discount,discount,2023-12-08 05:57:07,
$RCAnonymousID:1552324163522904,$RCAnonymousID:3718014289191606,GB,from_sdk,rc_subscription_annual,Weekly $2.99,P1M,2023-05-22 05:54:09,2023-05-10 02:23:23,2023-04-02 06:25:18,2023-08-07 00:43:25,stripe,True,True,False,True,8.35,4.64,0.7,0.1223,0.15,533941387878097,367288373757358,2023-09-29 11:51:18,2023-08-09 12:06:24,2023-10-04 05:29:08,USD,3.06,9.85,['full_access'],2,False,Default Offering,PURCHASED,"{""$ip"": {""value"": ""203.78.120.117"", ""updated_at_ms"": 1672549200}, ""$gpsAdId"": {""value"": ""80480bdc-06e0-11ee-be56-0242ac120002"", ""updated_at_ms"": 1672549200}, ""$androidId"": {""value"": ""12345a9876b4c123"", ""updated_at_ms"": 1673097132390}}","{""feature_setting"": {""value"": ""1"", ""updated_at_ms"": 1672549200}, ""survey_response"": {""value"": ""2"", ""updated_at_ms"": 1599112814785}}",ios,,b,2023-10-11 23:45:59,,,2023-08-11 12:55:55,
$RCAnonymousID:1524328894839277,$RCAnonymousID:7583980624791108,GB,from_sdk,rc_subscription_weekly,Monthly $9.99,P1Y,2023-05-08 12:04:09,2023-10-17 23:13:22,2023-09-20 15:26:59,2023-12-13 23:02:07,app_store,False,True,False,False,7.89,4.18,0.85,0.1466,0.11,330907340110368,410018536768291,2023-04-09 05:02:11,2023-10-06 03:39:50,2023-08-15 11:43:20,USD,5.71,7.27,['full_access'],1,False,Default Offering,PURCHASED,"{""$ip"": {""value"": ""203.78.120.117"", ""updated_at_ms"": 1672549200}, ""$gpsAdId"": {""value"": ""80480bdc-06e0-11ee-be56-0242ac120002"", ""updated_at_ms"": 1672549200}, ""$androidId"": {""value"": ""12345a9876b4c123"", ""updated_at_ms"": 1673097132390}}","{""feature_setting"": {""value"": ""1"", ""updated_at_ms"": 1672549200}, ""survey_response"": {""value"": ""2"", ""updated_at_ms"": 1599112814785}}",ios,,b,2023-05-11 23:24:22,,,2023-12-12 15:36:28,
$RCAnonymousID:7935452869860786,$RCAnonymousID:5262105228841067,CA,estimated,rc_subscription_weekly,Annual $99.99,P1Y,2023-07-26 11:21:52,2023-02-09 03:24:30,2023-09-01 08:45:46,2023-05-28 13:32:28,stripe,True,False,False,False,6.76,6.58,0.7,0.1297,0.13,897729489439452,517018933317915,2023-02-19 06:53:41,2023-08-23 17:34:34,,EUR,2.93,6.2,"['membership', 'full_access']",3,False,Default Offering,PURCHASED,"{""$ip"": {""value"": ""203.78.120.117"", ""updated_at_ms"": 1672549200}, ""$gpsAdId"": {""value"": ""80480bdc-06e0-11ee-be56-0242ac120002"", ""updated_at_ms"": 1672549200}, ""$androidId"": {""value"": ""12345a9876b4c123"", ""updated_at_ms"": 1673097132390}}","{""feature_setting"": {""value"": ""1"", ""updated_at_ms"": 1672549200}, ""survey_response"": {""value"": ""2"", ""updated_at_ms"": 1599112814785}}",ios,,a,2023-09-23 05:27:27,,,2023-12-21 20:17:11,
$RCAnonymousID:9651237582497986,$RCAnonymousID:4163131134733269,CA,estimated,rc_subscription_annual,Monthly $9.99,P1Y,2023-04-15 11:37:25,2023-11-02 08:18:02,,2023-09-08 21:38:01,stripe,True,True,False,True,2.08,3.75,0.7,0.1043,0.14,964548779649982,611127551786864,,2023-02-21 03:39:19,2023-08-07 11:11:51,USD,2.7,9.92,['full_access'],5,False,Default Offering,PURCHASED,"{""$ip"": {""value"": ""203.78.120.117"", ""updated_at_ms"": 1672549200}, ""$gpsAdId"": {""value"": ""80480bdc-06e0-11ee-be56-0242ac120002"", ""updated_at_ms"": 1672549200}, ""$androidId"": {""value"": ""12345a9876b4c123"", ""updated_at_ms"": 1673097132390}}","{""feature_setting"": {""value"": ""1"", ""updated_at_ms"": 1672549200}, ""survey_response"": {""value"": ""2"", ""updated_at_ms"": 1599112814785}}",android,,,2023-09-15 13:33:58,holiday_offer,,2023-06-28 12:59:58,
$RCAnonymousID:6049094084938445,$RCAnonymousID:9525108022763442,FR,estimated,rc_subscription_monthly,Annual $99.99,P1M,2023-07-14 01:51:28,2023-03-29 02:15:22,,2023-12-26 04:36:55,play_store,False,False,False,True,3.37,2.03,0.7,0.1229,0.12,489921332013794,373977232543839,,2023-04-23 21:00:42,,USD,1.25,6.56,['membership'],2,True,Default Offering,PURCHASED,"{""$ip"": {""value"": ""203.78.120.117"", ""updated_at_ms"": 1672549200}, ""$gpsAdId"": {""value"": ""80480bdc-06e0-11ee-be56-0242ac120002"", ""updated_at_ms"": 1672549200}, ""$androidId"": {""value"": ""12345a9876b4c123"", ""updated_at_ms"": 1673097132390}}","{""feature_setting"": {""value"": ""1"", ""updated_at_ms"": 1672549200}, ""survey_response"": {""value"": ""2"", ""updated_at_ms"": 1599112814785}}",android,,,2023-12-20 23:44:52,,,2023-07-21 07:51:21,
$RCAnonymousID:7869937798144691,$RCAnonymousID:9367484081609484,US,estimated,rc_subscription_weekly,Annual $99.99,P1W,2023-07-08 07:51:07,2023-10-14 02:24:29,,2023-07-31 21:16:25,app_store,False,True,False,True,7.56,9.53,0.7,0.1361,0.13,248267006018260,411267109956703,2023-11-24 12:12:15,,2023-08-04 14:21:02,USD,9.51,2.69,['full_access'],5,False,Default Offering,FAMILY_SHARED,"{""$ip"": {""value"": ""203.78.120.117"", ""updated_at_ms"": 1672549200}, ""$gpsAdId"": {""value"": ""80480bdc-06e0-11ee-be56-0242ac120002"", ""updated_at_ms"": 1672549200}, ""$androidId"": {""value"": ""12345a9876b4c123"", ""updated_at_ms"": 1673097132390}}","{""feature_setting"": {""value"": ""1"", ""updated_at_ms"": 1672549200}, ""survey_response"": {""value"": ""2"", ""updated_at_ms"": 1599112814785}}",ios,,b,2023-04-05 02:33:36,black_friday_discount,offer_code,2023-05-28 03:41:21,
$RCAnonymousID:1623109366546267,$RCAnonymousID:3909557647995213,US,estimated,rc_subscription_monthly,Monthly $9.99,P1W,2023-12-02 06:55:22,2023-04-10 05:28:41,2023-02-25 07:14:28,2023-10-25 17:43:45,app_store,True,True,True,True,4.32,2.61,0.7,0.1459,0.13,777675620362676,796161108685126,2023-10-25 00:43:44,,2023-04-05 13:19:09,USD,2.45,9.57,"['membership', 'full_access']",3,True,Default Offering,PURCHASED,"{""$ip"": {""value"": ""203.78.120.117"", ""updated_at_ms"": 1672549200}, ""$gpsAdId"": {""value"": ""80480bdc-06e0-11ee-be56-0242ac120002"", ""updated_at_ms"": 1672549200}, ""$androidId"": {""value"": ""12345a9876b4c123"", ""updated_at_ms"": 1673097132390}}","{""feature_setting"": {""value"": ""1"", ""updated_at_ms"": 1672549200}, ""survey_response"": {""value"": ""2"", ""updated_at_ms"": 1599112814785}}",ios,prexp6860352,b,2023-03-13 00:08:00,black_friday_discount,,2023-03-10 08:13:37,
$RCAnonymousID:4389154013345118,$RCAnonymousID:7682399702675396,DE,estimated,rc_subscription_annual,Monthly $9.99,P1M,2023-08-18 19:29:49,2023-01-04 20:50:26,2023-02-01 23:42:09,2023-02-28 22:23:29,stripe,False,True,False,False,4.41,1.28,0.85,0.1971,0.16,922994426711249,640796830752735,2023-12-14 13:05:57,,,USD,1.24,8.25,['full_access'],2,False,Default Offering,PURCHASED,"{""$ip"": {""value"": ""203.78.120.117"", ""updated_at_ms"": 1672549200}, ""$gpsAdId"": {""value"": ""80480bdc-06e0-11ee-be56-0242ac120002"", ""updated_at_ms"": 1672549200}, ""$androidId"": {""value"": ""12345a9876b4c123"", ""updated_at_ms"": 1673097132390}}","{""feature_setting"": {""value"": ""1"", ""updated_at_ms"": 1672549200}, ""survey_response"": {""value"": ""2"", ""updated_at_ms"": 1599112814785}}",ios,,a,2023-08-20 00:40:37,holiday_offer,offer_code,2023-03-12 00:36:07,
$RCAnonymousID:8803265748941350,$RCAnonymousID:8270570594681142,DE,estimated,rc_subscription_weekly,Monthly $9.99,P1Y,2023-04-18 01:50:48,2023-09-09 16:23:05,2023-03-30 05:34:28,2023-07-20 03:02:29,app_store,True,False,True,True,3.55,2.23,0.7,0.169,0.16,594790254567797,775479851998234,,,,EUR,7.49,8.82,"['membership', 'full_access']",3,False,Default Offering,FAMILY_SHARED,"{""$ip"": {""value"": ""203.78.120.117"", ""updated_at_ms"": 1672549200}, ""$gpsAdId"": {""value"": ""80480bdc-06e0-11ee-be56-0242ac120002"", ""updated_at_ms"": 1672549200}, ""$androidId"": {""value"": ""12345a9876b4c123"", ""updated_at_ms"": 1673097132390}}","{""feature_setting"": {""value"": ""1"", ""updated_at_ms"": 1672549200}, ""survey_response"": {""value"": ""2"", ""updated_at_ms"": 1599112814785}}",ios,prexp3893268,b,2023-03-25 09:15:22,black_friday_discount,discount,2023-06-28 13:40:25,
$RCAnonymousID:4125262988573554,$RCAnonymousID:4730394988136807,CA,estimated,rc_subscription_annual,Annual $99.99,P1W,2023-03-13 22:52:17,2023-12-08 19:07:03,2023-04-20 10:48:11,2023-06-30 11:09:43,stripe,False,False,True,True,1.56,3.42,0.7,0.123,0.11,761180551361569,568513530062460,2023-03-25 04:09:04,2023-04-18 17:16:36,2023-01-01 18:51:51,EUR,2.86,9.23,"['membership', 'full_access']",5,True,Default Offering,PURCHASED,"{""$ip"": {""value"": ""203.78.120.117"", ""updated_at_ms"": 1672549200}, ""$gpsAdId"": {""value"": ""80480bdc-06e0-11ee-be56-0242ac120002"", ""updated_at_ms"": 1672549200}, ""$androidId"": {""value"": ""12345a9876b4c123"", ""updated_at_ms"": 1673097132390}}","{""feature_setting"": {""value"": ""1"", ""updated_at_ms"": 1672549200}, ""survey_response"": {""value"": ""2"", ""updated_at_ms"": 1599112814785}}",android,prexp9311606,b,2023-06-28 14:13:08,holiday_offer,,2023-01-29 10:34:02,2023-10-01 10:05:53
$RCAnonymousID:2957702658432926,$RCAnonymousID:6389959888304032,US,from_sdk,rc_subscription_monthly,Weekly $2.99,P1Y,2023-04-09 02:03:46,2023-06-21 03:49:31,2023-06-12 03:59:35,2023-12-24 05:06:45,stripe,True,True,False,True,7.66,7.18,0.85,0.1091,0.19,282929778628215,941996037705880,2023-11-28 11:50:41,,2023-09-17 11:54:33,EUR,8.04,9.54,['full_access'],2,False,Default Offering,PURCHASED,"{""$ip"": {""value"": ""203.78.120.117"", ""updated_at_ms"": 1672549200}, ""$gpsAdId"": {""value"": ""80480bdc-06e0-11ee-be56-0242ac120002"", ""updated_at_ms"": 1672549200}, ""$androidId"": {""value"": ""12345a9876b4c123"", ""updated_at_ms"": 1673097132390}}","{""feature_setting"": {""value"": ""1"", ""updated_at_ms"": 1672549200}, ""survey_response"": {""value"": ""2"", ""updated_at_ms"": 1599112814785}}",ios,prexp6744326,a,2023-11-25 09:31:48,holiday_offer,,2023-09-12 20:44:53,2023-08-03 02:14:26
$RCAnonymousID:5096460102990506,$RCAnonymousID:6146066729889455,FR,from_sdk,rc_subscription_annual,Annual $99.99,P1Y,2023-08-26 15:03:58,2023-09-20 18:49:01,,2023-11-02 12:31:13,app_store,False,True,True,True,7.93,5.37,0.7,0.1825,0.19,375095045696330,628030942919292,2023-04-29 06:39:52,,,GBP,8.78,5.67,"['membership', 'full_access']",1,False,Default Offering,PURCHASED,"{""$ip"": {""value"": ""203.78.120.117"", ""updated_at_ms"": 1672549200}, ""$gpsAdId"": {""value"": ""80480bdc-06e0-11ee-be56-0242ac120002"", ""updated_at_ms"": 1672549200}, ""$androidId"": {""value"": ""12345a9876b4c123"", ""updated_at_ms"": 1673097132390}}","{""feature_setting"": {""value"": ""1"", ""updated_at_ms"": 1672549200}, ""survey_response"": {""value"": ""2"", ""updated_at_ms"": 1599112814785}}",android,,,2023-07-10 17:54:52,holiday_offer,discount,2023-11-29 17:07:05,
$RCAnonymousID:7498427987653175,$RCAnonymousID:4364406056875346,FR,estimated,rc_subscription_monthly,Annual $99.99,P1Y,2023-08-13 18:53:19,2023-07-08 07:36:14,,2023-06-18 15:59:06,play_store,True,False,False,True,4.56,9.0,0.7,0.1868,0.2,876115456742624,458415391890286,,,,EUR,9.33,5.9,"['membership', 'full_access']",1,True,Default Offering,PURCHASED,"{""$ip"": {""value"": ""203.78.120.117"", ""updated_at_ms"": 1672549200}, ""$gpsAdId"": {""value"": ""80480bdc-06e0-11ee-be56-0242ac120002"", ""updated_at_ms"": 1672549200}, ""$androidId"": {""value"": ""12345a9876b4c123"", ""updated_at_ms"": 1673097132390}}","{""feature_setting"": {""value"": ""1"", ""updated_at_ms"": 1672549200}, ""survey_response"": {""value"": ""2"", ""updated_at_ms"": 1599112814785}}",ios,,b,2023-03-20 21:10:58,,,2023-11-05 20:32:51,2023-03-07 12:33:36
$RCAnonymousID:7671943291626296,$RCAnonymousID:2600150860221729,DE,from_sdk,rc_subscription_weekly,Annual $99.99,P1W,2023-12-14 15:54:07,2023-04-23 02:11:23,2023-07-16 22:55:37,2023-02-09 12:58:33,stripe,True,False,True,True,6.08,4.19,0.7,0.174,0.11,104952897449804,935340184532108,2023-02-22 11:06:55,2023-10-22 16:03:14,2023-12-11 08:02:33,USD,7.41,6.56,"['membership', 'full_access']",1,False,Default Offering,PURCHASED,"{""$ip"": {""value"": ""203.78.120.117"", ""updated_at_ms"": 1672549200}, ""$gpsAdId"": {""value"": ""80480bdc-06e0-11ee-be56-0242ac120002"", ""updated_at_ms"": 1672549200}, ""$androidId"": {""value"": ""12345a9876b4c123"", ""updated_at_ms"": 1673097132390}}","{""feature_setting"": {""value"": ""1"", ""updated_at_ms"": 1672549200}, ""survey_response"": {""value"": ""2"", ""updated_at_ms"": 1599112814785}}",ios,,a,2023-09-13 06:26:44,,discount,2023-03-10 21:39:17,
$RCAnonymousID:9513423840786943,$RCAnonymousID:5932499116588879,FR,estimated,rc_subscription_annual,Weekly $2.99,P1W,2023-08-03 07:27:56,2023-05-16 06:25:03,2023-06-15 23:21:38,2023-08-05 21:17:14,stripe,False,False,True,False,7.34,6.65,0.7,0.1446,0.11,897434364010969,320115463397967,2023-12-19 00:18:36,,,USD,3.07,3.51,"['membership', 'full_access']",2,False,Default Offering,PURCHASED,"{""$ip"": {""value"": ""203.78.120.117"", ""updated_at_ms"": 1672549200}, ""$gpsAdId"": {""value"": ""80480bdc-06e0-11ee-be56-0242ac120002"", ""updated_at_ms"": 1672549200}, ""$androidId"": {""value"": ""12345a9876b4c123"", ""updated_at_ms"": 1673097132390}}","{""feature_setting"": {""value"": ""1"", ""updated_at_ms"": 1672549200}, ""survey_response"": {""value"": ""2"", ""updated_at_ms"": 1599112814785}}",ios,prexp9398438,a,2023-03-30 08:10:44,black_friday_discount,offer_code,2023-12-28 10:34:37,
$RCAnonymousID:3409446522219797,$RCAnonymousID:8960731835111640,GB,estimated,rc_subscription_weekly,Weekly $2.99,P1Y,2023-12-02 21:25:53,2023-02-16 05:44:15,2023-06-04 00:18:04,2023-09-09 00:59:52,stripe,True,True,False,True,3.88,1.31,0.7,0.1415,0.13,936354637533814,818344847884012,2023-03-21 03:56:43,2023-01-17 22:09:14,2023-12-26 16:52:39,EUR,9.92,2.06,['full_access'],3,False,Default Offering,FAMILY_SHARED,"{""$ip"": {""value"": ""203.78.120.117"", ""updated_at_ms"": 1672549200}, ""$gpsAdId"": {""value"": ""80480bdc-06e0-11ee-be56-0242ac120002"", ""updated_at_ms"": 1672549200}, ""$androidId"": {""value"": ""12345a9876b4c123"", ""updated_at_ms"": 1673097132390}}","{""feature_setting"": {""value"": ""1"", ""updated_at_ms"": 1672549200}, ""survey_response"": {""value"": ""2"", ""updated_at_ms"": 1599112814785}}",ios,,,2023-10-07 20:43:08,,,2023-03-18 21:34:22,
$RCAnonymousID:1484642851213784,$RCAnonymousID:3817623152195428,FR,estimated,rc_subscription_monthly,Monthly $9.99,P1M,2023-04-14 10:04:21,2023-03-05 03:59:16,,2023-12-27 03:40:03,app_store,True,True,False,False,3.91,1.1,0.7,0.1313,0.11,181179882255456,543605269105985,,,,USD,8.5,7.92,"['membership', 'full_access']",3,False,Default Offering,PURCHASED,"{""$ip"": {""value"": ""203.78.120.117"", ""updated_at_ms"": 1672549200}, ""$gpsAdId"": {""value"": ""80480bdc-06e0-11ee-be56-0242ac120002"", ""updated_at_ms"": 1672549200}, ""$androidId"": {""value"": ""12345a9876b4c123"", ""updated_at_ms"": 1673097132390}}","{""feature_setting"": {""value"": ""1"", ""updated_at_ms"": 1672549200}, ""survey_response"": {""value"": ""2"", ""updated_at_ms"": 1599112814785}}",android,prexp8601753,a,2023-09-30 17:10:02,,,2023-03-30 13:03:11,
$RCAnonymousID:2369070181305159,$RCAnonymousID:6178081234565916,GB,from_sdk,rc_subscription_weekly,Annual $99.99,P1Y,2023-08-15 22:59:15,2023-12-23 04:18:07,2023-06-27 14:04:06,2023-12-03 17:56:58,app_store,False,False,True,False,1.02,6.18,0.85,0.1564,0.14,411599464087692,935396285300367,2023-05-21 10:17:09,,2023-02-08 04:23:27,USD,5.49,7.57,"['membership', 'full_access']",1,False,Default Offering,PURCHASED,"{""$ip"": {""value"": ""203.78.120.117"", ""updated_at_ms"": 1672549200}, ""$gpsAdId"": {""value"": ""80480bdc-06e0-11ee-be56-0242ac120002"", ""updated_at_ms"": 1672549200}, ""$androidId"": {""value"": ""12345a9876b4c123"", ""updated_at_ms"": 1673097132390}}","{""feature_setting"": {""value"": ""1"", ""updated_at_ms"": 1672549200}, ""survey_response"": {""value"": ""2"", ""updated_at_ms"": 1599112814785}}",ios,prexp7322530,a,2023-07-07 04:33:24,,,2023-09-07 10:57:46,2023-09-03 03:40:58
$RCAnonymousID:4308249570551156,$RCAnonymousID:7054454787550918,GB,estimated,rc_subscription_weekly,Monthly $9.99,P1M,2023-06-04 17:10:47,2023-02-24 13:09:33,2023-10-10 11:07:05,2023-12-29 11:31:48,stripe,False,False,False,False,3.83,6.28,0.7,0.172,0.19,574157074975143,195051663045592,,2023-04-11 05:07:24,2023-11-08 14:25:33,USD,1.65,8.59,['membership'],3,False,Default Offering,PURCHASED,"{""$ip"": {""value"": ""203.78.120.117"", ""updated_at_ms"": 1672549200}, ""$gpsAdId"": {""value"": ""80480bdc-06e0-11ee-be56-0242ac120002"", ""updated_at_ms"": 1672549200}, ""$androidId"": {""value"": ""12345a9876b4c123"", ""updated_at_ms"": 1673097132390}}","{""feature_setting"": {""value"": ""1"", ""updated_at_ms"": 1672549200}, ""survey_response"": {""value"": ""2"", ""updated_at_ms"": 1599112814785}}",ios,,,2023-10-22 13:03:22,black_friday_discount,discount,2023-02-01 04:28:55,2023-01-19 03:04:37
$RCAnonymousID:3193453769076016,$RCAnonymousID:8592161239304846,DE,estimated,rc_subscription_annual,Annual $99.99,P1Y,2023-10-15 08:47:28,2023-10-15 01:35:08,,2023-02-27 16:18:49,app_store,True,True,False,False,5.69,7.86,0.85,0.1143,0.18,575505606494351,165191144972763,2023-02-25 22:51:59,,,EUR,5.35,4.86,['membership'],3,False,Default Offering,PURCHASED,"{""$ip"": {""value"": ""203.78.120.117"", ""updated_at_ms"": 1672549200}, ""$gpsAdId"": {""value"": ""80480bdc-06e0-11ee-be56-0242ac120002"", ""updated_at_ms"": 1672549200}, ""$androidId"": {""value"": ""12345a9876b4c123"", ""updated_at_ms"": 1673097132390}}","{""feature_setting"": {""value"": ""1"", ""updated_at_ms"": 1672549200}, ""survey_response"": {""value"": ""2"", ""updated_at_ms"": 1599112814785}}",android,,b,2023-02-04 00:16:41,black_friday_discount,,2023-01-18 17:25:56,
$RCAnonymousID:6381773356706935,$RCAnonymousID:2547245008232198,DE,estimated,rc_subscription_monthly,Monthly $9.99,P1Y,2023-05-15 16:12:36,2023-01-28 07:39:45,2023-07-30 14:42:52,2023-07-28 04:37:50,play_store,True,True,False,True,9.94,9.28,0.7,0.154,0.17,462505535399408,534027314107942,2023-04-18 04:02:26,2023-04-10 04:01:47,2023-07-18 02:12:08,EUR,6.38,2.89,"['membership', 'full_access']",3,False,Default Offering,PURCHASED,"{""$ip"": {""value"": ""203.78.120.117"", ""updated_at_ms"": 1672549200}, ""$gpsAdId"": {""value"": ""80480bdc-06e0-11ee-be56-0242ac120002"", ""updated_at_ms"": 1672549200}, ""$androidId"": {""value"": ""12345a9876b4c123"", ""updated_at_ms"": 1673097132390}}","{""feature_setting"": {""value"": ""1"", ""updated_at_ms"": 1672549200}, ""survey_response"": {""value"": ""2"", ""updated_at_ms"": 1599112814785}}",android,prexp4670289,,2023-10-13 15:30:45,,,2023-02-26 16:59:04,
$RCAnonymousID:7544670278923068,$RCAnonymousID:7526755178858395,GB,from_sdk,rc_subscription_monthly,Weekly $2.99,P1Y,2023-04-21 12:56:41,2023-04-08 03:01:48,2023-04-06 02:59:54,2023-10-16 07:43:27,play_store,False,True,False,False,5.42,3.1,0.85,0.1283,0.13,508892654312624,814645438684331,,2023-03-18 18:15:19,2023-09-08 05:02:49,EUR,6.92,6.36,"['membership', 'full_access']",1,False,Default Offering,PURCHASED,"{""$ip"": {""value"": ""203.78.120.117"", ""updated_at_ms"": 1672549200}, ""$gpsAdId"": {""value"": ""80480bdc-06e0-11ee-be56-0242ac120002"", ""updated_at_ms"": 1672549200}, ""$androidId"": {""value"": ""12345a9876b4c123"", ""updated_at_ms"": 1673097132390}}","{""feature_setting"": {""value"": ""1"", ""updated_at_ms"": 1672549200}, ""survey_response"": {""value"": ""2"", ""updated_at_ms"": 1599112814785}}",ios,prexp9048013,,2023-02-07 11:43:36,black_friday_discount,,2023-08-22 01:32:43,2023-03-14 03:43:56
$RCAnonymousID:3235486120474609,$RCAnonymousID:1310293718790965,DE,from_sdk,rc_subscription_monthly,Monthly $9.99,P1W,2023-01-05 07:26:20,2023-06-14 00:32:28,,2023-04-22 02:07:39,play_store,False,True,False,False,4.76,4.87,0.7,0.1569,0.12,571180058856495,291451224986070,,,2023-04-01 06:29:17,GBP,2.59,9.08,['full_access'],2,True,Default Offering,PURCHASED,"{""$ip"": {""value"": ""203.78.120.117"", ""updated_at_ms"": 1672549200}, ""$gpsAdId"": {""value"": ""80480bdc-06e0-11ee-be56-0242ac120002"", ""updated_at_ms"": 1672549200}, ""$androidId"": {""value"": ""12345a9876b4c123"", ""updated_at_ms"": 1673097132390}}","{""feature_setting"": {""value"": ""1"", ""updated_at_ms"": 1672549200}, ""survey_response"": {""value"": ""2"", ""updated_at_ms"": 1599112814785}}",ios,prexp8412593,b,2023-09-25 16:38:02,black_friday_discount,offer_code,2023-03-06 07:00:20,
$RCAnonymousID:1344752554938599,$RCAnonymousID:9199261810931686,CA,from_sdk,rc_subscription_monthly,Weekly $2.99,P1M,2023-04-05 04:05:15,2023-06-04 20:41:38,,2023-12-16 14:09:16,app_store,True,True,True,False,8.17,3.85,0.85,0.1106,0.18,835722469742439,926291050470430,,2023-04-07 10:27:59,,EUR,2.71,5.8,['membership'],1,False,Default Offering,PURCHASED,"{""$ip"": {""value"": ""203.78.120.117"", ""updated_at_ms"": 1672549200}, ""$gpsAdId"": {""value"": ""80480bdc-06e0-11ee-be56-0242ac120002"", ""updated_at_ms"": 1672549200}, ""$androidId"": {""value"": ""12345a9876b4c123"", ""updated_at_ms"": 1673097132390}}","{""feature_setting"": {""value"": ""1"", ""updated_at_ms"": 1672549200}, ""survey_response"": {""value"": ""2"", ""updated_at_ms"": 1599112814785}}",ios,,a,2023-05-08 20:26:38,,,2023-01-16 15:46:42,
$RCAnonymousID:9871546323654116,$RCAnonymousID:6871175643456990,FR,estimated,rc_subscription_annual,Annual $99.99,P1Y,2023-10-19 13:33:49,2023-01-12 14:17:57,2023-05-18 15:16:47,2023-01-21 14:41:14,app_store,True,False,True,False,5.66,6.09,0.85,0.1996,0.13,406850437685173,486252306789576,,2023-02-01 19:29:03,,USD,4.36,8.03,['full_access'],2,True,Default Offering,FAMILY_SHARED,"{""$ip"": {""value"": ""203.78.120.117"", ""updated_at_ms"": 1672549200}, ""$gpsAdId"": {""value"": ""80480bdc-06e0-11ee-be56-0242ac120002"", ""updated_at_ms"": 1672549200}, ""$androidId"": {""value"": ""12345a9876b4c123"", ""updated_at_ms"": 1673097132390}}","{""feature_setting"": {""value"": ""1"", ""updated_at_ms"": 1672549200}, ""survey_response"": {""value"": ""2"", ""updated_at_ms"": 1599112814785}}",android,prexp8894360,,2023-09-21 06:19:41,holiday_offer,,2023-05-22 12:34:55,
$RCAnonymousID:8211993798782376,$RCAnonymousID:2243521081539983,US,from_sdk,rc_subscription_weekly,Weekly $2.99,P1W,2023-09-17 01:49:58,2023-02-20 01:23:24,,2023-03-10 14:04:10,stripe,True,True,True,False,6.2,6.0,0.7,0.1135,0.11,639297411689550,491122582346984,2023-09-13 12:36:19,2023-07-18 19:55:43,2023-12-13 17:30:20,USD,8.06,1.31,['membership'],4,True,Default Offering,PURCHASED,"{""$ip"": {""value"": ""203.78.120.117"", ""updated_at_ms"": 1672549200}, ""$gpsAdId"": {""value"": ""80480bdc-06e0-11ee-be56-0242ac120002"", ""updated_at_ms"": 1672549200}, ""$androidId"": {""value"": ""12345a9876b4c123"", ""updated_at_ms"": 1673097132390}}","{""feature_setting"": {""value"": ""1"", ""updated_at_ms"": 1672549200}, ""survey_response"": {""value"": ""2"", ""updated_at_ms"": 1599112814785}}",android,prexp6211081,,2023-11-08 16:12:51,holiday_offer,offer_code,2023-03-27 08:28:37,
$RCAnonymousID:7777626866186193,$RCAnonymousID:1509394369379254,FR,from_sdk,rc_subscription_weekly,Monthly $9.99,P1W,2023-04-25 20:16:14,2023-09-05 00:26:54,,2023-05-23 12:39:46,app_store,False,False,False,True,9.36,8.41,0.7,0.1321,0.14,528851636354540,268892540500464,,,,USD,2.34,5.5,"['membership', 'full_access']",5,True,Default Offering,PURCHASED,"{""$ip"": {""value"": ""203.78.120.117"", ""updated_at_ms"": 1672549200}, ""$gpsAdId"": {""value"": ""80480bdc-06e0-11ee-be56-0242ac120002"", ""updated_at_ms"": 1672549200}, ""$androidId"": {""value"": ""12345a9876b4c123"", ""updated_at_ms"": 1673097132390}}","{""feature_setting"": {""value"": ""1"", ""updated_at_ms"": 1672549200}, ""survey_response"": {""value"": ""2"", ""updated_at_ms"": 1599112814785}}",ios,prexp2569400,,2023-09-17 12:00:19,,,2023-10-28 22:42:26,
$RCAnonymousID:5204993777696983,$RCAnonymousID:7236863890751563,DE,estimated,rc_subscription_annual,Weekly $2.99,P1W,2023-08-02 19:30:38,2023-08-22 01:20:27,,2023-01-13 12:39:16,app_store,True,False,False,True,6.3,5.29,0.7,0.1724,0.17,518726652300900,101804495820658,2023-03-20 15:35:16,2023-12-30 10:09:43,2023-11-27 00:28:23,EUR,9.83,7.84,['membership'],2,False,Default Offering,PURCHASED,"{""$ip"": {""value"": ""203.78.120.117"", ""updated_at_ms"": 1672549200}, ""$gpsAdId"": {""value"": ""80480bdc-06e0-11ee-be56-0242ac120002"", ""updated_at_ms"": 1672549200}, ""$androidId"": {""value"": ""12345a9876b4c123"", ""updated_at_ms"": 1673097132390}}","{""feature_setting"": {""value"": ""1"", ""updated_at_ms"": 1672549200}, ""survey_response"": {""value"": ""2"", ""updated_at_ms"": 1599112814785}}",ios,,,2023-07-19 09:53:02,,,2023-12-09 23:01:05,
$RCAnonymousID:8049667821936372,$RCAnonymousID:6602379067085950,CA,estimated,rc_subscription_weekly,Monthly $9.99,P1W,2023-06-12 04:42:51,2023-06-09 15:07:44,2023-12-25 22:48:45,2023-04-23 12:48:54,stripe,False,False,False,True,5.11,1.45,0.7,0.1801,0.12,808199049999743,765737560626301,,,2023-02-17 13:32:06,EUR,3.1,1.62,['membership'],5,True,Default Offering,PURCHASED,"{""$ip"": {""value"": ""203.78.120.117"", ""updated_at_ms"": 1672549200}, ""$gpsAdId"": {""value"": ""80480bdc-06e0-11ee-be56-0242ac120002"", ""updated_at_ms"": 1672549200}, ""$androidId"": {""value"": ""12345a9876b4c123"", ""updated_at_ms"": 1673097132390}}","{""feature_setting"": {""value"": ""1"", ""updated_at_ms"": 1672549200}, ""survey_response"": {""value"": ""2"", ""updated_at_ms"": 1599112814785}}",android,,a,2023-10-20 21:41:32,,offer_code,2023-07-28 14:52:59,
$RCAnonymousID:5054626075829647,$RCAnonymousID:2089826893650322,GB,from_sdk,rc_subscription_annual,Monthly $9.99,P1Y,2023-06-24 06:34:23,2023-11-11 06:12:46,2023-07-25 19:05:09,2023-05-20 17:13:53,app_store,False,True,True,True,2.96,6.45,0.85,0.1069,0.15,647306618865424,318233115290696,,,2023-09-17 07:51:52,EUR,5.43,2.34,"['membership', 'full_access']",1,False,Default Offering,FAMILY_SHARED,"{""$ip"": {""value"": ""203.78.120.117"", ""updated_at_ms"": 1672549200}, ""$gpsAdId"": {""value"": ""80480bdc-06e0-11ee-be56-0242ac120002"", ""updated_at_ms"": 1672549200}, ""$androidId"": {""value"": ""12345a9876b4c123"", ""updated_at_ms"": 1673097132390}}","{""feature_setting"": {""value"": ""1"", ""updated_at_ms"": 1672549200}, ""survey_response"": {""value"": ""2"", ""updated_at_ms"": 1599112814785}}",android,,,2023-01-13 23:01:46,black_friday_discount,offer_code,2023-10-11 14:42:11,
$RCAnonymousID:2781613073970014,$RCAnonymousID:7365524119820675,DE,from_sdk,rc_subscription_annual,Annual $99.99,P1M,2023-10-14 11:40:06,2023-05-04 01:49:32,2023-03-03 09:42:55,2023-06-28 19:15:45,play_store,False,True,False,True,1.99,3.08,0.85,0.1534,0.18,870000490177691,650982325266927,2023-11-20 21:38:15,,2023-06-11 09:53:11,EUR,4.9,2.75,['membership'],1,True,Default Offering,PURCHASED,"{""$ip"": {""value"": ""203.78.120.117"", ""updated_at_ms"": 1672549200}, ""$gpsAdId"": {""value"": ""80480bdc-06e0-11ee-be56-0242ac120002"", ""updated_at_ms"": 1672549200}, ""$androidId"": {""value"": ""12345a9876b4c123"", ""updated_at_ms"": 1673097132390}}","{""feature_setting"": {""value"": ""1"", ""updated_at_ms"": 1672549200}, ""survey_response"": {""value"": ""2"", ""updated_at_ms"": 1599112814785}}",android,,,2023-04-16 12:03:27,,discount,2023-06-15 17:49:30,2023-11-09 02:20:35
$RCAnonymousID:7742760227394115,$RCAnonymousID:8759687366542738,FR,estimated,rc_subscription_monthly,Monthly $9.99,P1M,2023-09-30 20:42:33,2023-08-07 07:31:20,2023-10-14 19:20:33,2023-06-07 23:58:06,play_store,False,False,False,True,9.58,7.9,0.7,0.1793,0.16,209958311531855,612617021520763,,2023-02-27 22:44:02,2023-11-04 23:31:33,GBP,7.92,4.54,"['membership', 'full_access']",4,False,Default Offering,FAMILY_SHARED,"{""$ip"": {""value"": ""203.78.120.117"", ""updated_at_ms"": 1672549200}, ""$gpsAdId"": {""value"": ""80480bdc-06e0-11ee-be56-0242ac120002"", ""updated_at_ms"": 1672549200}, ""$androidId"": {""value"": ""12345a9876b4c123"", ""updated_at_ms"": 1673097132390}}","{""feature_setting"": {""value"": ""1"", ""updated_at_ms"": 1672549200}, ""survey_response"": {""value"": ""2"", ""updated_at_ms"": 1599112814785}}",ios,,,2023-08-27 13:54:01,,,2023-10-08 13:13:09,2023-12-26 16:39:33
$RCAnonymousID:3526665934518990,$RCAnonymousID:2154718058846785,GB,from_sdk,rc_subscription_annual,Weekly $2.99,P1W,2023-12-20 01:18:35,2023-05-23 02:36:08,,2023-11-17 20:17:43,stripe,False,True,False,True,9.47,6.06,0.7,0.1735,0.11,332821927286460,492616904471383,2023-10-24 22:12:05,,,GBP,8.24,8.67,['membership'],3,True,Default Offering,PURCHASED,"{""$ip"": {""value"": ""203.78.120.117"", ""updated_at_ms"": 1672549200}, ""$gpsAdId"": {""value"": ""80480bdc-06e0-11ee-be56-0242ac120002"", ""updated_at_ms"": 1672549200}, ""$androidId"": {""value"": ""12345a9876b4c123"", ""updated_at_ms"": 1673097132390}}","{""feature_setting"": {""value"": ""1"", ""updated_at_ms"": 1672549200}, ""survey_response"": {""value"": ""2"", ""updated_at_ms"": 1599112814785}}",android,prexp5082598,,2023-12-14 06:06:08,holiday_offer,offer_code,2023-01-17 19:35:52,
$RCAnonymousID:1423466696533125,$RCAnonymousID:9042179503611694,CA,estimated,rc_subscription_weekly,Weekly $2.99,P1W,2023-03-15 12:49:50,2023-05-08 07:49:08,,2023-08-26 07:10:25,play_store,False,False,False,False,7.14,1.91,0.7,0.1804,0.12,315753945109482,637750869576617,,2023-11-30 11:36:21,,GBP,7.64,3.05,['membership'],5,False,Default Offering,PURCHASED,"{""$ip"": {""value"": ""203.78.120.117"", ""updated_at_ms"": 1672549200}, ""$gpsAdId"": {""value"": ""80480bdc-06e0-11ee-be56-0242ac120002"", ""updated_at_ms"": 1672549200}, ""$androidId"": {""value"": ""12345a9876b4c123"", ""updated_at_ms"": 1673097132390}}","{""feature_setting"": {""value"": ""1"", ""updated_at_ms"": 1672549200}, ""survey_response"": {""value"": ""2"", ""updated_at_ms"": 1599112814785}}",ios,,b,2023-10-03 18:02:35,,discount,2023-05-10 23:59:27,2023-09-23 23:36:47
$RCAnonymousID:3799949492898228,$RCAnonymousID:9543703283880242,CA,from_sdk,rc_subscription_monthly,Monthly $9.99,P1W,2023-10-02 20:03:53,2023-01-02 13:38:29,2023-07-07 01:55:58,2023-07-07 01:04:32,play_store,True,True,False,False,1.68,3.7,0.7,0.195,0.17,236494496949482,967940057901330,,2023-11-20 07:33:40,,GBP,3.25,7.88,"['membership', 'full_access']",2,False,Default Offering,PURCHASED,"{""$ip"": {""value"": ""203.78.120.117"", ""updated_at_ms"": 1672549200}, ""$gpsAdId"": {""value"": ""80480bdc-06e0-11ee-be56-0242ac120002"", ""updated_at_ms"": 1672549200}, ""$androidId"": {""value"": ""12345a9876b4c123"", ""updated_at_ms"": 1673097132390}}","{""feature_setting"": {""value"": ""1"", ""updated_at_ms"": 1672549200}, ""survey_response"": {""value"": ""2"", ""updated_at_ms"": 1599112814785}}",ios,,a,2023-03-01 17:51:50,black_friday_discount,,2023-05-08 21:24:50,
$RCAnonymousID:1665220736909594,$RCAnonymousID:3507777736134474,DE,estimated,rc_subscription_monthly,Weekly $2.99,P1M,2023-10-19 14:41:21,2023-05-15 08:43:30,2023-06-19 07:12:16,2023-03-18 09:53:26,app_store,True,False,True,False,4.76,8.23,0.85,0.1735,0.15,598227814046849,742315011029590,,,2023-04-13 17:15:46,GBP,9.43,6.75,['membership'],3,True,Default Offering,PURCHASED,"{""$ip"": {""value"": ""203.78.120.117"", ""updated_at_ms"": 1672549200}, ""$gpsAdId"": {""value"": ""80480bdc-06e0-11ee-be56-0242ac120002"", ""updated_at_ms"": 1672549200}, ""$androidId"": {""value"": ""12345a9876b4c123"", ""updated_at_ms"": 1673097132390}}","{""feature_setting"": {""value"": ""1"", ""updated_at_ms"": 1672549200}, ""survey_response"": {""value"": ""2"", ""updated_at_ms"": 1599112814785}}",android,,,2023-10-23 11:40:39,black_friday_discount,discount,2023-01-22 06:42:19,
$RCAnonymousID:4907365669521655,$RCAnonymousID:2905737331100406,DE,estimated,rc_subscription_weekly,Monthly $9.99,P1Y,2023-11-17 13:51:08,2023-07-17 13:43:11,,2023-06-02 06:06:30,app_store,True,False,True,True,7.14,1.49,0.85,0.112,0.11,637698712180452,291808238459920,,,,EUR,1.92,1.76,['membership'],4,True,Default Offering,PURCHASED,"{""$ip"": {""value"": ""203.78.120.117"", ""updated_at_ms"": 1672549200}, ""$gpsAdId"": {""value"": ""80480bdc-06e0-11ee-be56-0242ac120002"", ""updated_at_ms"": 1672549200}, ""$androidId"": {""value"": ""12345a9876b4c123"", ""updated_at_ms"": 1673097132390}}","{""feature_setting"": {""value"": ""1"", ""updated_at_ms"": 1672549200}, ""survey_response"": {""value"": ""2"", ""updated_at_ms"": 1599112814785}}",ios,prexp9910349,,2023-11-09 14:42:52,,,2023-12-02 04:45:00,
